{
    "stories": [
        {
            "id": "6118226661694694851",
            "title": "Tesla's self-driving tech is probably worthless in the resale market, short-seller Jim Chanos says",
            "url": "https://markets.businessinsider.com/news/stocks/tesla-elon-musk-fsd-self-driving-tech-worthless-jim-chanos-2023-7",
            "site": "businessinsider.com",
            "time": 1689004270000,
            "favicon_url": "https://static.tickertick.com/website_icons/businessinsider.com.ico",
            "tags": [
                "tsla"
            ],
            "description": "\"The current value of the $TSLA \"Full Self Driving\" package is probably close to zero in the retail market. #RealityCheck,\" the veteran short-seller tweeted. The Tesla Semi's interior.Courtesy of Tesla, Inc. Elon Musk has promised self-driving Teslas by year-end. But Jim Chanos isn't sold on the idea, and says the tech probably has near-zero value in the resale market. The veteran short-seller has been a prominent critic of Tesla. Veteran short-seller Jim Chanos has taken aim at Tesla's self-driving technology, saying the add-on offering probably has near-zero value in the resale market for cars.\"The current value of the $TSLA \"Full Self Driving\" package is probably close to zero in the retail market. #RealityCheck,\" Chanos tweeted, responding to a tech reviewer.\"Remember that Musk has said that owning an FSD package will increase the value of your $TSLA vehicle by multiples of the FSD package cost itself. Yet ascribes almost no value to it upon repurchase. In fact, over time it depreciates faster than the vehicle itself,\" he added.Tesla's Full Self-Driving (FSD) kit costs $15,000 to install in the company's electric vehicles, and buyers are treated as beta testers whose feedback improves the technology. So far, around 100,000 people have chosen to add the feature.As the software is constantly being updated, there runs the risk that buyers may find themselves saddled with obsolete technology that has little or no resale value on the used car market. Elon Musk has for years promised fully-autonomous, self-driving Teslas, although this bold claim has not yet materialized. He claims that \"level 5\" capability \u2013 that is, total autonomy \u2013 will arrive \"later this year\", but he hasn't given further details.Tesla's goal to achieve level 5 is one of the factors behind its $869 billion market cap and has been swept up in the stock market's excitement surrounding the AI boom. But Chanos, whose reputation as an investment manager was built upon sniffing out fraud on Wall Street and launching successful bets against offending companies, hasn't minced words about Tesla's FSD tech. The veteran Wall Street voice is known for his successful short bets on Enron, Wirecard, and Hertz Corporation, and he has repeatedly outed Musk and Tesla for various shortcomings over the past year. But so far in 2023, Tesla continues to defy Chanos's bearish approach. The stock has more than doubled this year as it rides the wave of enthusiasm over the rise of generative AI. Still, the carmaker is currently trading at around $270 \u2013 well below its 2021 peak of over $400. Read the original article on Business Insider",
            "tickers": [
                "tsla"
            ]
        },
        {
            "id": "-7515264321106957063",
            "title": "Tesla Superchargers number more than 45,000 on the map. Learn where to find and how to use one.",
            "url": "https://www.businessinsider.com/tesla-supercharger-map",
            "site": "businessinsider.com",
            "time": 1689003724000,
            "favicon_url": "https://static.tickertick.com/website_icons/businessinsider.com.ico",
            "tags": [
                "tsla"
            ],
            "description": "A Tesla Supercharger map can lead you to a station, but how does it work when you get there? What to know about price and availability. A woman gets into her Tesla electric car at a supercharger station in Los AngelesLucy Nicholson/Reuters Superchargers are the fastest way to charge your Tesla. Where possible, Tesla Superchargers will bill per the kilowatt hour (kWh) used. You can look up locations of Tesla Superchargers on Tesla's interactive map. Whether you're considering purchasing an EV or are already a Tesla owner, you're going to have questions. These may include where you can charge it, the costs involved, and how long it takes.Superchargers are by far the fastest way to charge your Tesla, being capable of supplying enough power to travel up to 322 miles in just 15 minutes and fully charging in under an hour. Tesla has more than 45,000 worldwide \u2013 a remarkable Supercharger increase since 2018 when there were fewer than 10,000.In the US alone, Tesla's Superchargers make up approximately 60 percent of available EV charging stations, with more than 20,000 chargers at 1,945 stations, according to the Department of Energy in June 2021. You can look up the location of Tesla Superchargers around the world by using the company's interactive map, which also includes the locations of service centers, showrooms, and body shops. When given access to your current location, the map can zoom in to highlight your nearest chargers, service centers, and showrooms.Where possible, Tesla Supercharger cost is charged per kilowatt hour (kWh) used \u2013 the national average is around $0.15/kWh \u2014 however, that price point will change depending on the cost of electricity in the local area. Where Tesla is unable to bill per kilowatt hour, they will instead charge a per-minute fee. Regardless, an estimated total cost will be displayed on your Tesla's central screen. That said, it costs slightly less than $0.05/mile on average.Tesla has information about Supercharger availability accessible in the Tesla app. In the app, you can see the availability of stalls and monitor the progress of your charge.In a 19-country pilot, which includes the United States, Tesla has opened up some of its charging stations to electric vehicles from other manufacturers \u2013 including Ford and GM \u2013 by installing adapters at select Superchargers. To access the Tesla network as a non-Tesla owner, you will need the Tesla smartphone app.It has been theorized that the move is to put Tesla in compliance with federal financing stipulations imposed by the White House in its 2022 drive to increase the number of available US electric car chargers to half a million. Nearly $5 billion in federal funds will go toward charging infrastructure.This federal funding is part of an initiative to address the fact that the US needs to increase its electric vehicle charging capacity eight-fold by 2030, according to a January report by S&P Global Mobility.Read the original article on Business Insider",
            "tickers": [
                "tsla"
            ]
        }
    ],
    "last_id": "-7515264321106957063"
}