{
    "stories": [
        {
            "id": "8097435158596115974",
            "title": "Warren Buffett's Berkshire Hathaway is poised to score a $1 billion profit after Microsoft beats FTC in Activision case",
            "url": "https://markets.businessinsider.com/news/stocks/warren-buffett-berkshire-hathaway-microsoft-activision-blizzard-ftc-lawsuit-profit-2023-7",
            "site": "businessinsider.com",
            "time": 1689102992000,
            "favicon_url": "https://static.tickertick.com/website_icons/businessinsider.com.ico",
            "tags": [
                "msft"
            ],
            "description": "\"If the deal goes through, we make some money,\" Warren Buffett said last year of Berkshire Hathaway's stake in Activision. Warren BuffettTaylor Hill/FilmMagicBerkshire Hathaway is poised to score a $1 billion profit after Microsoft prevailed against the FTC in its bid to acquire Activision.Activision Blizzard stock surged more than 10% on Tuesday to just a couple dollars below its $95 buyout price.Warren Buffett's Berkshire Hathaway owned nearly 50 million shares of Activision at the end of the first quarter.Warren Buffett's Berkshire Hathaway is poised to score a more than $1 billion profit in its Activision Blizzard stake after Microsoft prevailed against the FTC on Tuesday in its bid to acquire the video game company.That's assuming that Berkshire Hathaway held onto its stake in Activision Blizzard and didn't sell any shares since it reported owning a $4.2 billion position in the company at the end of the first quarter.Berkshire Hathaway first purchased a stake in Activision Blizzard in the fourth quarter of 2021, just a few months before Microsoft announced its proposed acquisition of Activision. The position was initiated by one of Berkshire Hathaway's portfolio managers, either Todd Combs or Ted Weschler, according to Buffett.Berkshire Hathaway's first Activision purchase was about 14.6 million shares at an average price of about $77 or $78 per share, Buffett said in a February 2022 letter.But the stake soon became a merger arbitrage position following Microsoft's announced deal for Activision. And Berkshire Hathaway \u2014 at the direction of Buffett himself \u2014 increased its position in the company by 49.7 million shares in the first quarter of 2022 at an average estimated price of $72.96 per share, according to data from WhaleWisdom. \"Every now and then I see something that I want to do in that field [merger arbitrage],\" Buffett said at Berkshire Hathaway's 2022 annual shareholder meeting. \"It is my purchase, not the manager who bought it some months ago. If the deal goes through, we make some money.\"Berkshire Hathaway ultimately built its Activision stake to a peak of 68.4 million shares in the second quarter of 2022 at an estimated weighted average price of $73.95 per share, Insider calculated. Since then, the conglomerate pared down its position in the third, fourth, and first quarters of 2022 and 2023, respectively, to 49.7 million shares.If Microsoft is able to close its deal for Microsoft at its all-cash offer of $95 per share, which sources tell CNBC's David Faber could happen as soon as next week, Buffett's Berkshire Hathaway would see a profit windfall of just over $1 billion based on its stake reported at the end of the first quarter and its estimated weighted average price paid for the stock.Shares of Activision soared as much as 12% on Tuesday to about $92 per share following news that the court blocked the FTC's bid to stop the deal. The stock is still about $3 away from its buyout price of $95 per share. Read the original article on Business Insider",
            "tickers": [
                "msft"
            ]
        },
        {
            "id": "8221734827757650872",
            "title": "Microsoft: Unpatched Office zero-day exploited in NATO summit attacks",
            "url": "https://www.bleepingcomputer.com/news/security/microsoft-unpatched-office-zero-day-exploited-in-nato-summit-attacks/",
            "site": "bleepingcomputer.com",
            "time": 1689099837000,
            "favicon_url": "https://static.tickertick.com/website_icons/bleepingcomputer.com.ico",
            "tags": [
                "msft"
            ],
            "description": "Microsoft disclosed today an unpatched zero-day security bug in multiple Windows and Office products exploited in the wild to gain remote code execution via malicious Office documents. [...]",
            "tickers": [
                "msft"
            ]
        },
        {
            "id": "2428933050356482349",
            "title": "Windows 11 KB5028185 cumulative update released with Moment 3 features",
            "url": "https://www.bleepingcomputer.com/news/microsoft/windows-11-kb5028185-cumulative-update-released-with-moment-3-features/",
            "site": "bleepingcomputer.com",
            "time": 1689099001000,
            "favicon_url": "https://static.tickertick.com/website_icons/bleepingcomputer.com.ico",
            "tags": [
                "msft"
            ],
            "description": "Microsoft has released the mandatory Windows 11 22H2 KB5028185 cumulative update to fix security vulnerabilities, enable the new Moment 3 features, and make over 30 improvements. [...]",
            "tickers": [
                "msft"
            ]
        },
        {
            "id": "-8596036087431750847",
            "title": "Windows 10 KB5028168 and KB5028166 updates released",
            "url": "https://www.bleepingcomputer.com/news/microsoft/windows-10-kb5028168-and-kb5028166-updates-released/",
            "site": "bleepingcomputer.com",
            "time": 1689098850000,
            "favicon_url": "https://static.tickertick.com/website_icons/bleepingcomputer.com.ico",
            "tags": [
                "msft"
            ],
            "description": "Microsoft has released Windows 10 KB5028166 and KB5028168 cumulative updates for versions 22H2, version 21H2, and 1809 to fix problems and add new features to the operating system. [...]",
            "tickers": [
                "msft"
            ]
        },
        {
            "id": "-8249250155080269357",
            "title": "Microsoft won a US court battle to buy Activision\u2014but still faces a hurdle in the UK",
            "url": "https://qz.com/microsoft-won-a-us-court-battle-to-buy-activision-but-s-1850627531",
            "site": "qz.com",
            "time": 1689098040000,
            "favicon_url": "https://static.tickertick.com/website_icons/qz.com.ico",
            "tags": [
                "msft"
            ],
            "description": "A federal judge allowed Microsoft Corp.\u2019s $69 billion deal to buy video game company Activision to move forward, saying the merger was unlikely to harm consumers and competitors.Read more...",
            "tickers": [
                "msft"
            ]
        },
        {
            "id": "6861943881486048622",
            "title": "Read Xbox chief Phil Spencer\u2019s memo to Microsoft employees about the FTC win",
            "url": "https://www.theverge.com/2023/7/11/23791355/microsoft-xbox-chief-phil-spencer-ftc-activision-blizzard-internal-memo",
            "site": "theverge.com",
            "time": 1689097835000,
            "favicon_url": "https://static.tickertick.com/website_icons/theverge.com.ico",
            "tags": [
                "msft"
            ],
            "description": "Xbox chief Phil Spencer outside a San Francisco courtroom. | Image: Getty Images Microsoft just won a big legal fight with the Federal Trade Commission (FTC) to allow it to close its $68.7 billion Activision Blizzard acquisition. After a grueling five days of evidence and testimony, a US federal judge has sided with Microsoft to prevent the FTC from securing a preliminary injunction to halt Microsoft from buying Activision Blizzard. The hearing involved key Xbox executives, including Microsoft Gaming CEO Phil Spencer. The Xbox chief has written to Microsoft employees about today\u2019s FTC result, noting that the company\u2019s focus is now on resolving the situation with the UK\u2019s Competition and Markets Authority (CMA). Both Microsoft and the CMA have agreed to pause their legal battle to negotiate a potential remedy after... Continue reading\u2026 Xbox chief Phil Spencer outside a San Francisco courtroom. | Image: Getty Images Microsoft just won a big legal fight with the Federal Trade Commission (FTC) to allow it to close its $68.7 billion Activision Blizzard acquisition. After a grueling five days of evidence and testimony, a US federal judge has sided with Microsoft to prevent the FTC from securing a preliminary injunction to halt Microsoft from buying Activision Blizzard. The hearing involved key Xbox executives, including Microsoft Gaming CEO Phil Spencer. The Xbox chief has written to Microsoft employees about today\u2019s FTC result, noting that the company\u2019s focus is now on resolving the situation with the UK\u2019s Competition and Markets Authority (CMA). Both Microsoft and the CMA have agreed to pause their legal battle to negotiate a potential remedy after... Continue reading\u2026",
            "tickers": [
                "msft"
            ]
        },
        {
            "id": "3541952434974589660",
            "title": "Microsoft July 2023 Patch Tuesday warns of 6 zero-days, 132 flaws",
            "url": "https://www.bleepingcomputer.com/news/microsoft/microsoft-july-2023-patch-tuesday-warns-of-6-zero-days-132-flaws/",
            "site": "bleepingcomputer.com",
            "time": 1689097750000,
            "favicon_url": "https://static.tickertick.com/website_icons/bleepingcomputer.com.ico",
            "tags": [
                "msft"
            ],
            "description": "Today is Microsoft's July 2023 Patch Tuesday, with security updates for 132 flaws, including six actively exploited and thirty-seven remote code execution vulnerabilities. [...]",
            "tickers": [
                "msft"
            ]
        },
        {
            "id": "-8031435665298116188",
            "title": "Activision Blizzard Stock Surges 11% After Judge Allows Microsoft Merger",
            "url": "https://www.forbes.com/sites/willskipworth/2023/07/11/activision-blizzard-stock-surges-11-after-judge-allows-microsoft-merger/",
            "site": "forbes.com",
            "time": 1689096157000,
            "favicon_url": "https://static.tickertick.com/website_icons/forbes.com.ico",
            "tags": [
                "msft"
            ],
            "description": "Activision Blizzard\u2019s stock price peaked around $92 a share Tuesday after a federal judge in California ruled it could merge with Microsoft. Activision Blizzard\u2019s stock price peaked around $92 a share Tuesday after a federal judge in California ruled it could merge with Microsoft.",
            "tickers": [
                "msft"
            ]
        },
        {
            "id": "-4180319018628849397",
            "title": "Activision Blizzard jumps 11% after judge rules Microsoft can buy the video game publisher in a win over FTC",
            "url": "https://markets.businessinsider.com/news/stocks/activision-blizzard-stock-price-microsoft-deal-approval-ftc-merger-fight-2023-7",
            "site": "businessinsider.com",
            "time": 1689096092000,
            "favicon_url": "https://static.tickertick.com/website_icons/businessinsider.com.ico",
            "tags": [
                "msft"
            ],
            "description": "A judge on Tuesday cleared the way for Microsoft's mammoth deal to buy the video game publisher in a setback for the FTC's fight against mega-mergers. Shuttershock Activision Blizzard stock popped 11% after a judge paved the way for Microsoft to complete its takeover of the game publisher. The decision is a blow to the Federal Trade Commission, which had set a hearing date on the merger for August. Microsoft's $69 billion purchase would be the largest tech merger ever. Activision Blizzard stock jumped on Tuesday after a federal judge ruled that Microsoft could proceed with its $69 billion deal to buy the video game publisher. Shares climbed as much as 11% to $91.83 around midday on Tuesday. The ruling from US District Judge Jaqueline Scott Corley said that the FTC had not provided evidence for its claim the merger would hurt competition in the gaming industry. She said the deal would in fact enhance access to popular game franchises like \"Call of Duty\" and other titles published by Activision. That's a far cry from what firms that have voiced opposition to the takeover claim. Biggest among them has been Sony, which produces the Playstation 5, the main rival to Microsoft's Xbox Series X/S. The company has said it is concerned that Microsoft will make popular franchises like \"Call of Duty\" exclusive to its consoles.Microsoft has said it doesn't intent to do this, but critics point to the firm's $11 billion takeover of Zenimax in 2021.That deal resulted in many popular games shifting to Xbox exclusively, including \"Elder Scrolls,\" as well as the massively hyped \"Starfield\" due out this fall, which had previously been slated for release on both Xbox and Playstation. The decision that the deal can proceed is a blow to the FTC and the Biden administration, which has sought to curtail mega-mergers that it says harm competition and are bad for consumers. The deal can now proceed before a hearing that the FTC had scheduled for August, in which it was set to challenge the merger. The agency said in a statement it was \"disappointed\" with the decision and would announce next steps in comings days. In a statement after the ruling, Activision Blizzard CEO Bobby Kotick said the merger will \"enable competition rather than allow entrenched market leaders to continue to dominate our rapidly growing industry.\"Read the original article on Business Insider",
            "tickers": [
                "msft"
            ]
        },
        {
            "id": "-4725492973640233104",
            "title": "Hackers exploit Windows policy to load malicious kernel drivers",
            "url": "https://www.bleepingcomputer.com/news/security/hackers-exploit-windows-policy-to-load-malicious-kernel-drivers/",
            "site": "bleepingcomputer.com",
            "time": 1689094800000,
            "favicon_url": "https://static.tickertick.com/website_icons/bleepingcomputer.com.ico",
            "tags": [
                "msft"
            ],
            "description": "Microsoft blocked code signing certificates predominantly used by Chinese hackers and developers to sign and load malicious kernel mode drivers on breached systems by exploiting a Windows policy loophole. [...]",
            "tickers": [
                "msft"
            ]
        },
        {
            "id": "-8475528657745288949",
            "title": ": Microsoft turns to U.K. regulators after U.S. judge clears path to Activision Blizzard acquisition",
            "url": "http://www.marketwatch.com/news/story.asp?guid=%7B20C06575-04D4-B545-7228-D585F779DD6A%7D&siteid=rss&rss=1",
            "site": "marketwatch.com",
            "time": 1689093780000,
            "favicon_url": "https://static.tickertick.com/website_icons/marketwatch.com.ico",
            "tags": [
                "msft"
            ],
            "description": "Activision Blizzard Inc. shares surged Tuesday after a federal judge denied the FTC's injunction blocking the videogame publisher's acquisition by Microsoft.",
            "tickers": [
                "msft"
            ]
        },
        {
            "id": "412647266155472045",
            "title": "Judge sides with Microsoft in FTC injunction, unlocking final Activision battles",
            "url": "https://arstechnica.com/?p=1952834",
            "site": "arstechnica.com",
            "time": 1689092967000,
            "favicon_url": "https://static.tickertick.com/website_icons/arstechnica.com.ico",
            "tags": [
                "msft"
            ],
            "description": "Companies' goodwill efforts, including Call of Duty sharing, were persuasive. Enlarge / Attorneys carrying boxes arrive to court in San Francisco, California, US, on Tuesday, June 27, 2023. A judge has ruled that the FTC's reliance on the PlayStation chief's testimony was unpersuasive, while Microsoft and Activision's efforts will help avoid market concentration. (credit: Getty Images) A federal judge in San Francisco today denied the Federal Trade Commission's motion to halt Microsoft's acquisition of Activision Blizzard, ruling that the FTC was unlikely to prove that the merger would \"substantially lessen competition.\" Judge Jacqueline Scott Corley's decision (PDF) is heavily redacted in sections covering the company's assets and performance in \"AAA Content,\" \"Exclusive Content,\" and \"Cloud Gaming Subscription Services,\" among others. Segments of those redactions were likely seen in earlier filings, which were poorly redacted with a marker and revealed key financial figures. The FTC's motion for a temporary restraining order and injunction was filed in an attempt to disrupt the deal before its purported July 18 deadline. The FTC had already initiated an administrative action to investigate the deal's effect on gaming markets, but it petitioned the US District Court for Northern California that Microsoft and Activision \"may consummate the Proposed Acquisition at any time.\"Read 9 remaining paragraphs | Comments",
            "tickers": [
                "msft"
            ]
        },
        {
            "id": "8062347299024780757",
            "title": "Microsoft rebrands Azure Active Directory to Microsoft Entra ID",
            "url": "https://www.bleepingcomputer.com/news/microsoft/microsoft-rebrands-azure-active-directory-to-microsoft-entra-id/",
            "site": "bleepingcomputer.com",
            "time": 1689092919000,
            "favicon_url": "https://static.tickertick.com/website_icons/bleepingcomputer.com.ico",
            "tags": [
                "msft"
            ],
            "description": "Microsoft announced today that it would change the name of its Azure Active Directory (Azure AD) enterprise identity service to Microsoft Entra ID by the end of the year. [...]",
            "tickers": [
                "msft"
            ]
        },
        {
            "id": "1642230627193361790",
            "title": "Judge denies injunction in Microsoft\u2019s Activision Blizzard acquisition",
            "url": "https://venturebeat.com/games/activision-blizzard-microsoft-acquisition-preliminary-injunction-blocked/",
            "site": "venturebeat.com",
            "time": 1689092856000,
            "favicon_url": "https://static.tickertick.com/website_icons/venturebeat.com.ico",
            "tags": [
                "msft"
            ],
            "description": "By blocking the FTC's request for a preliminary injunction, Microsoft and Activision Blizzard have a clear path to close the acquisition. By blocking the FTC's request for a preliminary injunction, Microsoft and Activision Blizzard have a clear path to close the acquisition.Read More",
            "tickers": [
                "msft"
            ]
        },
        {
            "id": "-2042394158969568572",
            "title": "Microsoft and the UK CMA agree to a \"stay of the litigation\" to negotiate restructuring the Activision deal, after a US court rejected the FTC's arguments (Tom Warren/The Verge)",
            "url": "http://www.techmeme.com/230711/p31#a230711p31",
            "site": "techmeme.com",
            "time": 1689091503000,
            "favicon_url": "https://static.tickertick.com/website_icons/techmeme.com.ico",
            "tags": [
                "msft"
            ],
            "description": "Tom Warren / The Verge: Microsoft and the UK CMA agree to a \u201cstay of the litigation\u201d to negotiate restructuring the Activision deal, after a US court rejected the FTC's arguments \u2014 Microsoft and the UK's Competition and Markets Authority (CMA) have both agreed to pause their legal battle \u2026",
            "tickers": [
                "msft"
            ]
        },
        {
            "id": "4067568257479986567",
            "title": "Activision gains again, up 11% as UK looks to pause trial over Microsoft purchase",
            "url": "https://seekingalpha.com/news/3986826-activision-gains-again-up-10-as-uk-looks-to-pause-trial-over-microsoft-purchase",
            "site": "seekingalpha.com",
            "time": 1689091148000,
            "favicon_url": "https://static.tickertick.com/website_icons/seekingalpha.com.ico",
            "tags": [
                "msft"
            ],
            "tickers": [
                "msft"
            ]
        },
        {
            "id": "4446592901260806486",
            "title": "Microsoft and UK regulators agree to pause their Activision battle to negotiate",
            "url": "https://www.theverge.com/2023/7/11/23791149/microsoft-activision-blizzard-uk-regulators-cma-appeal",
            "site": "theverge.com",
            "time": 1689091108000,
            "favicon_url": "https://static.tickertick.com/website_icons/theverge.com.ico",
            "tags": [
                "msft"
            ],
            "description": "Illustration: Alex Castro / The Verge Microsoft and the UK\u2019s Competition and Markets Authority (CMA) have both agreed to pause their legal battle over the proposed Activision Blizzard acquisition in order to further negotiate. Microsoft has just won a separate ruling with a US federal court against the Federal Trade Commission (FTC), and the CMA is the last regulator preventing the Xbox maker from completing its $68.7 billion Activision Blizzard deal. The UK regulator moved to block Microsoft\u2019s proposed acquisition in April, and Microsoft was due to appeal that decision with a hearing set to start on July 28th. Microsoft has now agreed with the CMA to pause its appeal process to look at how the transaction could be modified to address the CMA\u2019s cloud gaming concerns. \u201cAfter... Continue reading\u2026 Illustration: Alex Castro / The Verge Microsoft and the UK\u2019s Competition and Markets Authority (CMA) have both agreed to pause their legal battle over the proposed Activision Blizzard acquisition in order to further negotiate. Microsoft has just won a separate ruling with a US federal court against the Federal Trade Commission (FTC), and the CMA is the last regulator preventing the Xbox maker from completing its $68.7 billion Activision Blizzard deal. The UK regulator moved to block Microsoft\u2019s proposed acquisition in April, and Microsoft was due to appeal that decision with a hearing set to start on July 28th. Microsoft has now agreed with the CMA to pause its appeal process to look at how the transaction could be modified to address the CMA\u2019s cloud gaming concerns. \u201cAfter... Continue reading\u2026",
            "tickers": [
                "msft"
            ]
        },
        {
            "id": "8541608723267778335",
            "title": "AWS, Microsoft, Google Battle For $169B Cloud Services Market: IDC",
            "url": "https://www.crn.com/news/cloud/aws-microsoft-google-battle-for-169b-cloud-services-market-idc",
            "site": "crn.com",
            "time": 1689091061000,
            "favicon_url": "https://static.tickertick.com/website_icons/crn.com.ico",
            "tags": [
                "msft"
            ],
            "description": "IDC reports on cloud services revenue share from the five top public cloud companies: AWS, Alibaba, IBM, Microsoft and Google Cloud. Here\u2019s the market share data.",
            "tickers": [
                "msft"
            ]
        },
        {
            "id": "8958009357151857932",
            "title": "Microsoft Can Close $69 Billion Activision Blizzard Merger, Judge Rules",
            "url": "https://www.forbes.com/sites/brianbushard/2023/07/11/microsoft-can-close-69-billion-activision-blizzard-merger-judge-rules/",
            "site": "forbes.com",
            "time": 1689090315000,
            "favicon_url": "https://static.tickertick.com/website_icons/forbes.com.ico",
            "tags": [
                "msft"
            ],
            "description": "The Federal Trade Commission sought to stop the massive merger, arguing it would stifle competition\u2014but a judge sided with Microsoft and Activision Blizzard. The Federal Trade Commission sought to stop the massive merger, arguing it would stifle competition\u2014but a judge sided with Microsoft and Activision Blizzard.",
            "tickers": [
                "msft"
            ]
        },
        {
            "id": "-1495865110300581155",
            "title": "Microsoft Gets Green Light To Buy Activision Blizzard In FTC Case",
            "url": "https://www.slashgear.com/1336293/microsoft-can-acquire-activision-blizzard-ftc-injunction/",
            "site": "slashgear.com",
            "time": 1689090220000,
            "favicon_url": "https://static.tickertick.com/website_icons/slashgear.com.ico",
            "tags": [
                "msft"
            ],
            "description": "A federal judge has denied the FTC's request for a preliminary injunction to stop Microsoft's acquisition of gaming giant Activision Blizzard. A federal judge has denied the FTC's request for a preliminary injunction to stop Microsoft's acquisition of gaming giant Activision Blizzard.",
            "tickers": [
                "msft"
            ]
        },
        {
            "id": "5232093334215810141",
            "title": "Microsoft's deal to buy Activision Blizzard boosted by US judge",
            "url": "https://www.bbc.co.uk/news/entertainment-arts-66099230?at_medium=RSS&at_campaign=KARANGA",
            "site": "bbc.co.uk",
            "time": 1689090201000,
            "favicon_url": "https://static.tickertick.com/website_icons/bbc.co.uk.ico",
            "tags": [
                "msft"
            ],
            "description": "The Federal Trade Commission in the US had sought to block the proposed merger on competition grounds.",
            "tickers": [
                "msft"
            ]
        },
        {
            "id": "4513290509658155745",
            "title": "iRobot, Seagen, Horizon gain amid Microsoft win in Activision case | $IRBT $SGEN $HZNP $AMZN $MSFT",
            "url": "https://seekingalpha.com/news/3986814-irobot-seagen-horizon-gain-amid-microsoft-win-in-activision-case",
            "site": "seekingalpha.com",
            "time": 1689089860000,
            "favicon_url": "https://static.tickertick.com/website_icons/seekingalpha.com.ico",
            "tags": [
                "msft"
            ],
            "tickers": [
                "msft"
            ]
        },
        {
            "id": "-7410000902793245563",
            "title": "Microsoft\u2019s Activision Blizzard merger can\u2019t be blocked by FTC, judge rules",
            "url": "https://techcrunch.com/2023/07/11/microsofts-activision-blizzard-merger-cant-be-blocked-by-ftc-judge-rules/",
            "site": "techcrunch.com",
            "time": 1689089794000,
            "favicon_url": "https://static.tickertick.com/website_icons/techcrunch.com.ico",
            "tags": [
                "msft"
            ],
            "description": "Microsoft and Activision Blizzard earned a big win in court today, as a federal judge ruled that the Federal Trade Commission cannot block the $68.7 billion merger. The FTC sued Microsoft in December in an attempt to stop its acquisition of the gaming giant, which owns massive franchises like World of Warcraft and Call of [\u2026] Microsoft\u2019s Activision Blizzard merger can\u2019t be blocked by FTC, judge rules by Amanda Silberling originally published on TechCrunch Microsoft and Activision Blizzard earned a big win in court today, as a federal judge ruled that the Federal Trade Commission cannot block the $68.7 billion merger. The FTC sued Microsoft in December in an attempt to stop its acquisition of the gaming giant, which owns massive franchises like World of Warcraft and Call of Duty; the government body worried that the deal would \u201cenable Microsoft to suppress competitors.\u201d Microsoft already has a significant presence in the gaming industry, producing products like the Xbox console, the Game Pass subscription and Xbox Cloud Gaming, and it owns dozens of existing game studios like ZeniMax. However, Judge Jacqueline Scott Corley ruled that Microsoft\u2019s acquisition of Activision Blizzard would not be anti-competitive. \u201cThe FTC has not shown it is likely to succeed on its assertion the combined firm will probably pull Call of Duty from Sony PlayStation, or that its ownership of Activision content will substantially lessen competition in the video game library subscription and cloud gaming markets,\u201d the judge wrote. This ruling is a great sign for Microsoft. Though the deal is still not set in stone, Microsoft got even more good news today that could continue to propel the acquisition forward. Despite facing legal challenges in the U.K., where the Competition and Markets Authority (CMA) tried to block the deal, the ruling against the FTC seems to have changed things. According to Microsoft president Brad Smith, the company has agreed with the CMA to pause this litigation. \u201cWhile we ultimately disagree with the CMA\u2019s concerns, we are considering how the transaction might be modified in order to address those concerns in a way that is acceptable to the CMA,\u201d Smith wrote in a statement. The CMA\u2019s appeal is mostly focused on cloud gaming, arguing that Windows\u2019 \u201csignificant cloud infrastructure\u201d would give Microsoft an unfair advantage upon acquiring Activision Blizzard titles. Microsoft has attempted to assuage these fears, pointing out that the company had signed deals guaranteeing that Activision Blizzard games would remain available on consoles other than Xbox. Our statement on the mutual request with the CMA for a pause of our appeal in the UK: pic.twitter.com/8Aky2IJjxS \u2014 Brad Smith (@BradSmi) July 11, 2023 On Activision Blizzard\u2019s end, these legal developments are welcome breath of fresh air. For the last several years, Activision Blizzard has been a company defined by turmoil. CEO Bobby Kotick had been rumored to step down amid ongoing government investigations and sexual harassment scandals. One lawsuit filed by California\u2019s Department of Fair Employment and Housing described the work environment at the gaming company as having a \u201cfrat boy culture.\u201d And per a Wall Street Journal report, Kotick knew for years about sexual misconduct and rape allegations at his company, but he did not act. Some Activision Blizzard employees have responded by organizing union drives, and despite corporate interference, the workers formed some of the first ever unions at major U.S. gaming companies. On that front, labor organizers are cheering on Microsoft\u2019s court victory today. Last year, Microsoft and the Communications Workers of America (CWA) announced an unprecedented labor neutrality agreement. This means that Microsoft will remain neutral and offer a fair process for voluntary recognition of employee unions. \u201cBy accepting Judge Corley\u2019s decision and allowing this merger to move forward, the Federal Trade Commission has an opportunity to transform the video game and technology labor market by providing a clear path to collective bargaining for almost 10,000 workers,\u201d the CWA wrote in a statement. The National Labor Relations Board has found in multiple instances that Activision Blizzard illegally interfered with employee organizing; but if the gaming giant were owned by Microsoft, its leadership would have to abide by that labor agreement, meaning that the process of organizing a union at Activision Blizzard would be more accessible. Microsoft to buy Activision Blizzard for $68.7 billion Microsoft\u2019s Activision Blizzard merger can\u2019t be blocked by FTC, judge rules by Amanda Silberling originally published on TechCrunch",
            "tickers": [
                "msft"
            ]
        },
        {
            "id": "-4554398703775134762",
            "title": "Microsoft wins pivotal court ruling over FTC, clearing key hurdle for $69B Activision deal",
            "url": "https://www.geekwire.com/2023/microsoft-wins-pivotal-court-ruling-in-ftc-case-clearing-key-hurdle-for-69b-activision-blizzard-deal/",
            "site": "geekwire.com",
            "time": 1689089656000,
            "favicon_url": "https://static.tickertick.com/website_icons/geekwire.com.ico",
            "tags": [
                "msft"
            ],
            "description": "A federal judge sided with Microsoft on Tuesday in a setback for the U.S. Federal Trade Commission\u2019s attempt to block the tech giant\u2019s $68.7 billion acquisition of video-game publisher Activision Blizzard. \u201cThe FTC has not shown it is likely to succeed on its assertion the combined firm will probably pull Call of Duty from Sony PlayStation, or that its ownership of Activision content will substantially lessen competition in the video game library subscription and cloud gaming markets,\u201d wrote U.S. District Judge Jacqueline Scott Corley in the ruling. The ruling, denying the FTC\u2019s motion for a preliminary injunction, leaves no doubt\u2026 Read More Microsoft is proposing to acquire Activision Blizzard, the gaming giant behind such franchises as Warcraft Diablo, Overwatch, Call of Duty and Candy Crush. (Microsoft Image) A federal judge sided with Microsoft on Tuesday in a setback for the U.S. Federal Trade Commission\u2019s attempt to block the tech giant\u2019s $68.7 billion acquisition of video-game publisher Activision Blizzard. \u201cThe FTC has not shown it is likely to succeed on its assertion the combined firm will probably pull Call of Duty from Sony PlayStation, or that its ownership of Activision content will substantially lessen competition in the video game library subscription and cloud gaming markets,\u201d wrote U.S. District Judge Jacqueline Scott Corley in the ruling. The ruling, denying the FTC\u2019s motion for a preliminary injunction, leaves no doubt as to where the judge stands on the key issues in the case. \u201cMicrosoft\u2019s acquisition of Activision has been described as the largest in tech history. It deserves scrutiny. That scrutiny has paid off: Microsoft has committed in writing, in public, and in court to keep Call of Duty on PlayStation for 10 years on parity with Xbox. It made an agreement with Nintendo to bring Call of Duty to Switch. And it entered several agreements to for the first time bring Activision\u2019s content to several cloud gaming services. \u201cThis Court\u2019s responsibility in this case is narrow. It is to decide if, notwithstanding these current circumstances, the merger should be halted\u2014perhaps even terminated\u2014pending resolution of the FTC administrative action. For the reasons explained, the Court finds the FTC has not shown a likelihood it will prevail on its claim this particular vertical merger in this specific industry may substantially lessen competition. To the contrary, the record evidence points to more consumer access to Call of Duty and other Activision content.\u201d The case has been closely watched as a test of the FTC\u2019s ability to rein in big tech companies under the leadership of Chair Lina Khan. \u201cWe are disappointed in this outcome given the clear threat this merger poses to open competition in cloud gaming, subscription services, and consoles,\u201d said FTC spokesman Douglas Farrar in a statement. \u201cIn the coming days we\u2019ll be announcing our next step to continue our fight to preserve competition and protect consumers.\u201d The decision comes a week before a contractual July 18 deadline to complete the deal. Microsoft is grateful to the court \u201cfor this quick and thorough decision and hope other jurisdictions will continue working towards a timely resolution,\u201d said Brad Smith, Microsoft president and vice chair. \u201cAs we\u2019ve demonstrated consistently throughout this process, we are committed to working creatively and collaboratively to address regulatory concerns.\u201d Microsoft still faces a challenge from the UK\u2019s Competition and Markets Authority (CMA). In a follow-up statement, Smith said Microsoft still disagrees with the CMA\u2019s position on the case but is now \u201cconsidering how the transaction might be modified\u201d to address the UK regulator\u2019s concerns. Microsoft, Activision, and the CMA have asked the UK\u2019s Competition Appeal Tribunal for a stay in their litigation while they negotiate. The CMA\u2019s April decision focused heavily on the cloud gaming market. \u201cThe cloud allows UK gamers to avoid buying expensive gaming consoles and PCs and gives them much more flexibility and choice as to how they play,\u201d the CMA said in a news release at the time. \u201cAllowing Microsoft to take such a strong position in the cloud gaming market just as it begins to grow rapidly would risk undermining the innovation that is crucial to the development of these opportunities.\u201d",
            "tickers": [
                "msft"
            ]
        },
        {
            "id": "3285916623824028393",
            "title": "US judge denies FTC request to block Microsoft-Activision merger",
            "url": "https://www.ft.com/content/e94b9d46-ae94-4563-b09c-0032a9e7530d",
            "site": "ft.com",
            "time": 1689089307000,
            "favicon_url": "https://static.tickertick.com/website_icons/ft.com.ico",
            "tags": [
                "msft"
            ],
            "description": "Ruling said antitrust regulator failed to show deal would harm competition in video game market",
            "tickers": [
                "msft"
            ]
        },
        {
            "id": "-654133881694721088",
            "title": "Microsoft clear to acquire Activision after judge ruling",
            "url": "https://www.marketwatch.com/bulletins/redirect/go?g=%7B6D7CF2E2-7670-4434-99A7-D392E8773421%7D&siteid=bulletrss",
            "site": "marketwatch.com",
            "time": 1689089069000,
            "favicon_url": "https://static.tickertick.com/website_icons/marketwatch.com.ico",
            "tags": [
                "msft"
            ],
            "description": "Microsoft clear to acquire Activision after judge ruling",
            "tickers": [
                "msft"
            ]
        },
        {
            "id": "3859517289660146599",
            "title": ": Activision Blizzard shares rally as judge denies FTC injunction clearing Microsoft acquisition",
            "url": "http://www.marketwatch.com/news/story/activision-blizzard-shares-rally-judge/story.aspx?guid=%7B20C06575%2D04D4%2DB545%2D7228%2DD585F779DD6A%7D&siteid=rss",
            "site": "marketwatch.com",
            "time": 1689088800000,
            "favicon_url": "https://static.tickertick.com/website_icons/marketwatch.com.ico",
            "tags": [
                "msft"
            ],
            "description": "Shares of Activision Blizzard Inc. ATVI rose Tuesday after a federal judge denied the Federal Trade Commission injunction blocking the videogame publisher\u2019s acquisition by Microsoft Corp. MSFT Activision shares rallied 5%, while Microsoft shares declined 0.5%. When hearings began in late June to determine whether the FTC had a case in blocking the deal, Microsoft had stated the deal hinged upon the judge\u2019s decision. \u201cOur merger will benefit consumers and workers. It will enable competition rather than allow entrenched market leaders to continue to dominate our rapidly growing industry,\u201d said Activision Blizzard CEO Bobby Kotick in a statement following the ruling. Market Pulse Stories are Rapid-fire, short news bursts on stocks and markets as they move. Visit MarketWatch.com for more information on this news.",
            "tickers": [
                "msft"
            ]
        },
        {
            "id": "-2657904697903942420",
            "title": "Court Ruling Clears Path for Microsoft to Buy Activision",
            "url": "https://www.nytimes.com/2023/07/11/business/microsoft-activision-deal-ftc.html",
            "site": "nytimes.com",
            "time": 1689088781000,
            "favicon_url": "https://static.tickertick.com/website_icons/nytimes.com.ico",
            "tags": [
                "msft"
            ],
            "description": "Microsoft could now complete its purchase of the video game giant as soon as this month, but it is still blocked from closing in Britain. The proposed acquisition of Activision, maker of the Call of Duty games, still faces regulatory hurdles.",
            "tickers": [
                "msft"
            ]
        },
        {
            "id": "-674935764180562834",
            "title": "Microsoft rolls out AI-generated ad headlines and descriptions",
            "url": "https://searchengineland.com/microsoft-ai-generated-ad-headlines-descriptions-marketers-429246",
            "site": "searchengineland.com",
            "time": 1689088649000,
            "favicon_url": "https://static.tickertick.com/website_icons/searchengineland.com.ico",
            "tags": [
                "msft"
            ],
            "description": "Advertisers are expected to benefit from a string of new features from Microsoft, including IF functions and auto-generated assets. The post Microsoft rolls out AI-generated ad headlines and descriptions appeared first on Search Engine Land. Microsoft is introducing AI-generated headlines and descriptions for ad campaigns. This new service has been launched alongside the company\u2019s new auto-generated assets feature and IF functions for responsive search ads (RSAs). Why we care. AI-generated headlines and descriptions are fantastic tools for advertisers as they offer inspiration when marketers may be struggling creatively, highlight potential improvements to ad copy and can also help save time. Meanwhile, the auto-generated assets feature enables advertisers to scale their work more easily and can help advertisers to create more relevant ads. So all in all, these new additions to the Microsoft ad placement experience should make life easier for marketers everywhere. How it works. Microsoft\u2019s generative AI tool for ad headlines and descriptions is available in 35 languages, which are automatically detected based on the language of your website. Here\u2019s how you can access this feature under the \u2018Create an Ad\u2019 tab: After clicking on the \u2018Create an Ad\u2019 tab, enter the final URL you are focusing on. Underneath the \u2018Final URL\u2019 section, you will notice another section titled \u2018Headlines\u2019. Here, multiple headline recommendations will be served based on the final URL. These recommendations will be neatly categorized, high quality and more diversified. Once the recommendations are offered, marketers will be able to choose from the multiple options in just one click. Other RSA enhancements. Alongside the launch of AI-generated headlines and product descriptions, Microsoft unveiled two other ad products: Auto-generated assets: This feature was designed to reduce the need to create separate campaigns or ad groups for different devices and audiences. This tool is gradually being rolled out now. IF functions: This feature is being rolled out later this month to help you easily edit ad copy based on two targets; device and audience. This function is also expected to help with scalability issues by reducing the need for separate campaigns or ad groups for different devices and different audiences. Get the daily newsletter search marketers rely on. \u201c> \u201c> \u201c> \u201c> \u201c> \u201c> Processing\u2026Please wait. SUBSCRIBE See terms.",
            "tickers": [
                "msft"
            ]
        },
        {
            "id": "-3404202736415567098",
            "title": "A US court denies the FTC's bid for a preliminary injunction to stop Microsoft's Activision deal, saying the FTC's theories of harm were unlikely to succeed (Jordan Novet/CNBC)",
            "url": "http://www.techmeme.com/230711/p27#a230711p27",
            "site": "techmeme.com",
            "time": 1689088364000,
            "favicon_url": "https://static.tickertick.com/website_icons/techmeme.com.ico",
            "tags": [
                "msft"
            ],
            "description": "Jordan Novet / CNBC: A US court denies the FTC's bid for a preliminary injunction to stop Microsoft's Activision deal, saying the FTC's theories of harm were unlikely to succeed \u2014 - A federal judge in San Francisco ruled in favor of Microsoft and Activision Blizzard, which have been trying to complete their $68.7 billion deal by July 18.",
            "tickers": [
                "msft"
            ]
        },
        {
            "id": "1616015300542967107",
            "title": "Microsoft Can Close Its $75 Billion Buy of Activision Blizzard, Judge Rules",
            "url": "https://www.wsj.com/articles/microsoft-activision-blizzard-deal-ftc-hearing-d42675f1",
            "site": "wsj.com",
            "time": 1689088320000,
            "favicon_url": "https://static.tickertick.com/website_icons/wsj.com.ico",
            "tags": [
                "msft"
            ],
            "description": "The companies can complete the deal before a Federal Trade Commission hearing that is scheduled for August.",
            "tickers": [
                "msft"
            ]
        },
        {
            "id": "3638037662920867000",
            "title": "Microsoft wins FTC fight to buy Activision Blizzard",
            "url": "https://www.theverge.com/2023/7/11/23779039/microsoft-activision-blizzard-ftc-trial-win",
            "site": "theverge.com",
            "time": 1689087984000,
            "favicon_url": "https://static.tickertick.com/website_icons/theverge.com.ico",
            "tags": [
                "msft"
            ],
            "similar_stories": [
                "8097435158596115974",
                "-8249250155080269357",
                "-8031435665298116188",
                "-4180319018628849397",
                "412647266155472045",
                "1642230627193361790",
                "-2042394158969568572",
                "4067568257479986567",
                "4446592901260806486",
                "8958009357151857932",
                "-1495865110300581155",
                "5232093334215810141",
                "4513290509658155745",
                "-7410000902793245563",
                "-4554398703775134762",
                "3285916623824028393",
                "-654133881694721088",
                "3859517289660146599",
                "-2657904697903942420",
                "-3404202736415567098",
                "1616015300542967107",
                "3201017129917186381",
                "4775974755178302822",
                "5544814746731944671",
                "7966896272025249590"
            ],
            "description": "Illustration by William Joel / The Verge A California judge is allowing Microsoft to close its acquisition of Activision Blizzard after five days of grueling testimony. Microsoft still faces an ongoing antitrust case by the Federal Trade Commission, but Judge Jacqueline Scott Corley has listened to arguments from both the FTC and Microsoft and decided to deny the regulator\u2019s request for a preliminary injunction. This allows Microsoft to close its Activision Blizzard deal ahead of the July 18th deadline, but only if the company is willing to close around the UK or if the Competition and Markets Authority (CMA) is willing to negotiate some form of remedy. The UK regulator moved to block Microsoft\u2019s proposed acquisition in April, and Microsoft is currently appealing that decision... Continue reading\u2026 Illustration by William Joel / The Verge A California judge is allowing Microsoft to close its acquisition of Activision Blizzard after five days of grueling testimony. Microsoft still faces an ongoing antitrust case by the Federal Trade Commission, but Judge Jacqueline Scott Corley has listened to arguments from both the FTC and Microsoft and decided to deny the regulator\u2019s request for a preliminary injunction. This allows Microsoft to close its Activision Blizzard deal ahead of the July 18th deadline, but only if the company is willing to close around the UK or if the Competition and Markets Authority (CMA) is willing to negotiate some form of remedy. The UK regulator moved to block Microsoft\u2019s proposed acquisition in April, and Microsoft is currently appealing that decision... Continue reading\u2026",
            "tickers": [
                "msft"
            ]
        },
        {
            "id": "291962306824734114",
            "title": "Activision jumps as court allows Microsoft deal for Activision to go forward",
            "url": "https://seekingalpha.com/news/3986804-activision-jumps-as-court-allows-microsoft-deal-for-activision-to-go-forward",
            "site": "seekingalpha.com",
            "time": 1689087727000,
            "favicon_url": "https://static.tickertick.com/website_icons/seekingalpha.com.ico",
            "tags": [
                "msft"
            ],
            "tickers": [
                "msft"
            ]
        },
        {
            "id": "-596116041031048470",
            "title": "How to use the Python embeddable redistribution to make standalone apps",
            "url": "https://www.infoworld.com/video/116659/how-to-use-the-python-embeddable-redistribution-to-make-standalone-apps#tk.rss_applicationdevelopment",
            "site": "infoworld.com",
            "time": 1689087600000,
            "favicon_url": "https://static.tickertick.com/website_icons/infoworld.com.ico",
            "tags": [
                "msft"
            ],
            "description": "The Python embeddable redistribution (for Windows only) gives you a minimal, self-contained Python runtime that runs in a single directory. Learn how to use the embeddable redistribution to package up and distribute simple Python applications for re-use, and how to install third-party packages in the embeddable with pip if you need them. The Python embeddable redistribution can be downloaded from Python.org (it's listed as the \"Windows embeddable package\" with a given release version).",
            "tickers": [
                "msft"
            ]
        },
        {
            "id": "8979858655095912122",
            "title": "Razer's customizable Xbox controller is 49% off for Amazon Prime Day",
            "url": "https://www.businessinsider.com/guides/deals/razer-wolverine-v2-controller-prime-day-deal-2023-7-11",
            "site": "businessinsider.com",
            "time": 1689085884000,
            "favicon_url": "https://static.tickertick.com/website_icons/businessinsider.com.ico",
            "tags": [
                "msft"
            ],
            "description": "Both versions of Razer's Wolverine V2 gaming controller are on sale for Amazon Prime Day, but the deal is only set to last until the end of the day. Amazon is taking up to 49% off Razer's Wolverine V2 controller for Prime Day.Amazon;InsiderWhen you buy through our links, Insider may earn an affiliate commission. Learn more.The Razer Wolverine V2 gaming controller for Xbox and PC is on sale during Amazon Prime Day, with both versions of the controller discounted by up to 49%. This deal on Wolverine v2 controllers is only scheduled to last until the end of today, July 11, so act fast if you want to snag it.The standard version of the Wolverine v2 is discounted from $100 to $51 for Prime Day, while the version with Razer's customizable chroma lighting and thumbstick caps is discounted from $150 to $90. Both versions of the Wolverine V2 come in white or black. If you're searcing for more deals coverage, be sure to check out our roundup of all the best Prime Day PC gaming deals and our liveblog with all of the best Prime Day deals across every category. Get up to 49% off Razer Wolverine V2 controllers with this Prime Day dealWhy the Wolverine V2 is better than a regular Xbox controllerThe Razer Wolverine V2 has extra buttons and a better grip compared to the standard Xbox controller.RazerThe Wolverine V2 is a wired-only controller meant for competitive play, giving it some clear differences from the standard Xbox controller, which is wireless and battery powered.Wolverine V2 comes with adjustable thumbsticks to find your ideal fit, and includes six extra buttons that can be remapped for custom controls. Four of the extra buttons are paddle controls on the back of the controller, while the other two new buttons are located on the top next to the triggers. Wolverine V2's face buttons are mechanical, making them more responsive than the standard Xbox controller. The controller's triggers can be adjusted to make them respond faster too. Finally, Wolverine V2 has a rubber grip that makes it more comfortable to hold than the Xbox's standard plastic.Of course, a wired controller can be inconvenient if you're gaming on a large TV or playing across your living room, but the Wolverine V2 is great for PC gamers and competitive players who want complete control over their accessories. For more gaming recommendations, check out our guides to the best PC controller for gaming, best gaming PC, and best gaming laptops.Read the original article on Business Insider",
            "tickers": [
                "msft"
            ]
        },
        {
            "id": "-4861912738047858789",
            "title": "Pylon wants to make it easier to manage B2B conversations in Slack",
            "url": "https://techcrunch.com/2023/07/11/pylon-wants-to-make-it-easier-to-manage-b2b-conversations-in-slack/",
            "site": "techcrunch.com",
            "time": 1689084038000,
            "favicon_url": "https://static.tickertick.com/website_icons/techcrunch.com.ico",
            "tags": [
                "msft"
            ],
            "description": "As email has becomes an increasingly clogged communication mechanism, businesses looking for more direct ways to communicate with their customers in a B2B context have been turning to Slack, Microsoft Teams, Discord and other channels. But tracking those conversations and making sure they get directed to the right people is challenging for businesses. That\u2019s where [\u2026] Pylon wants to make it easier to manage B2B conversations in Slack by Ron Miller originally published on TechCrunch As email has becomes an increasingly clogged communication mechanism, businesses looking for more direct ways to communicate with their customers in a B2B context have been turning to Slack, Microsoft Teams, Discord and other channels. But tracking those conversations and making sure they get directed to the right people is challenging for businesses. That\u2019s where Pylon, an early stage startup, comes in. It helps companies manage, prioritize and direct messages from these channels to the right people, even working with tools like Zendesk to create tickets when it makes sense. Today Pylon announced a $3.2 million seed investment. The company, which launched in November, was also a member of the Winter 2023 Y Combinator cohort. Company co-founder Marty Kausas says that he and his co-founders, Robert Eng and Advith Chelikani, began observing at their previous jobs that companies were increasingly moving B2B conversations from email to Slack for more direct and personal discussions. At the same time,they saw their companies struggling to manage these conversations. \u201cImagine I am a support person, or I\u2019m a salesperson trying to manage all [these conversations]. There\u2019s no way of tracking anything in Slack. And so Pylon comes in, and is essentially the data unlock tool for all your customer conversations that are happening across chat tools,\u201d Kausas told TechCrunch. For starters, the company is supporting Slack because it has the most external conversations to manage, but it plans to start layering on Microsoft Teams and other channels in the near future. Pylon can\u2019t get access to internal business conversations as it can\u2019t read DMs and only has access to the channels that you as the customer identify for monitoring. One early customer, Hightouch, is using Pylon to monitor over 300 shared customer channels, according to Kausas. The company closed the funding deal in March and has added two employees since for a total of five, including the founders, with plans to reach close to 10 by the end of the year. They plan on adding a couple of more engineering and business development job openings in the coming months. He says that diversity is definitely a focus, and the company is looking for the best people it can find to fill each open role. In spite of launching in a period of economic uncertainty, Kausas is confident that his company can succeed because he is solving a real problem that customers are having tracking this kind of activity. In fact, he reports that his company is already making money in spite of the fact that it\u2019s only around 8 months old. \u201cSo the good news is we\u2019re making money and we have customers who are happy and paying. So at this point, we\u2019re not burning anything, really,\u201d he said. Today\u2019s $3.2 million seed investment was led by General Catalyst with participation from Y Combinator, Horizon VC, Airangels and CC. After investing $28B in Slack, Salesforce bets on one of its own as new CEO Pylon wants to make it easier to manage B2B conversations in Slack by Ron Miller originally published on TechCrunch",
            "tickers": [
                "msft"
            ]
        },
        {
            "id": "-8289874153679690391",
            "title": "Microsoft's 10,000 job cuts didn't quite do the trick",
            "url": "https://go.theregister.com/feed/www.theregister.com/2023/07/11/microsoft_more_layoffs/",
            "site": "theregister.com",
            "time": 1689080414000,
            "favicon_url": "https://static.tickertick.com/website_icons/theregister.com.ico",
            "tags": [
                "msft"
            ],
            "description": "Redmond confirms new round of layoffs in WARN notice The 10,000 jobs Microsoft said it would prune from the corporation in January are done, but fresh filings with state officials show the bloodletting continues.\u2026",
            "tickers": [
                "msft"
            ]
        },
        {
            "id": "-7856439104762283304",
            "title": "Teradata brings its VantageCloud Lake analytics platform to Azure",
            "url": "https://siliconangle.com/2023/07/11/teradata-brings-vantagecloud-lake-analytics-platform-azure/",
            "site": "siliconangle.com",
            "time": 1689080407000,
            "favicon_url": "https://static.tickertick.com/website_icons/siliconangle.com.ico",
            "tags": [
                "msft"
            ],
            "description": "Teradata Corp. today made its VantageCloud Lake analytics platform available on Microsoft Corp.\u2019s Azure cloud computing platform. NYSE-listed Teradata sells software that companies use to analyze their business information for useful insights. VantageCloud Lake, the platform that became available on Azure today, is a cloud-focused version of the company\u2019s software. The platform originally debuted last August [\u2026] The post Teradata brings its VantageCloud Lake analytics platform to Azure appeared first on SiliconANGLE.",
            "tickers": [
                "msft"
            ]
        },
        {
            "id": "400757850445756756",
            "title": "Microsoft Surface Pro 9 gets its biggest discount to date at Amazon UK",
            "url": "https://www.phonearena.com/news/Microsoft-Surface-Pro-9-gets-its-biggest-discount-to-date-at-Amazon-UK_id148793",
            "site": "phonearena.com",
            "time": 1689076938000,
            "favicon_url": "https://static.tickertick.com/website_icons/phonearena.com.ico",
            "tags": [
                "msft"
            ],
            "description": "Amazon UK has just dropped the price of Microsoft's Surface Pro 9 to its lowest level to date.",
            "tickers": [
                "msft"
            ]
        },
        {
            "id": "3635581973781101900",
            "title": "Celebrities like Ryan Reynolds and Gwyneth Paltrow are flocking to LinkedIn to show off their business acumen",
            "url": "https://www.businessinsider.com/ryan-reynolds-gwyneth-paltrow-on-linkedin-celebrities-2023-7",
            "site": "businessinsider.com",
            "time": 1689073045000,
            "favicon_url": "https://static.tickertick.com/website_icons/businessinsider.com.ico",
            "tags": [
                "msft"
            ],
            "description": "Celebrities have become more mundane in recent years to relate to normal people because \"the world has gone corporate,\" one PR agent says. Jennifer Lopez, Mindy Kaling, and Rapha\u00ebl Varane are some of the celebrities you can find on LinkedIn.Nathan Congleton/NBC/NBCU Photo Bank via Getty Images LinkedIn is a professional social media platform for normies, but now celebrities want in too. Stars like Ryan Reynolds and Gwyneth Paltrow are showing off their business side on the platform. A PR agent explained that it's because \"the world has gone corporate.\" LinkedIn has typically been viewed as a platform for regular white-collar nine-to-fivers bragging about their latest promotion or slyly looking for another job on the side, or for entrepreneurs looking to share business tips, but in recent years it's attracted celebrities and stars trying to show off their business acumen. One of the most notable examples of this is Ryan Reynolds, an actor and businessman, with over two million followers on LinkedIn who describes his decades in the film industry as a \"proven track record\" of \"delivering consistent results.\" Reynolds, famous for playing the lead role in the 2016 movie Deadpool, is also part owner of Mint Mobile which was recently acquired by T-Mobile. The actor is now making an \"attempt\" at being a \"9-to-5 professional,\" according to his profile. \"In recent years, I've built what The Wall Street Journal recently called 'a business empire.' Still trying to figure out what they meant by that,\" he added.\"My skills include writing, re-writing, tweeting, mixing cocktails, backend engineering for software platforms, and watching lower-tier Welsh football matches. Proficiency ranges from excellent to absolutely awful.\" Reynolds's posts include promoting Mint Mobile and his other business ventures, such as ownership of Welsh soccer team Wrexham. He's not the only celebrity to do so with Mindy Kaling, Jennifer Lopez, and Gwyneth Paltrow also making an effort to blend into the professional world of LinkedIn. Social media platforms like Instagram and Twitter were traditionally a better fit for celebrities to make themselves relatable to the public, but they've now had to find other ways to differentiate themselves and keep their star power. \"Celebrities have become more mundane while so-called regular people have become more glamorous,\" Jenna Drenten, associate professor of marketing at Chicago's Quinlan School of Business told the Financial Times, referring to influencers who promote a glamorous lifestyle on social media. Stars like \"Richard Burton in the 1960s were known for their charismatic and often rebellious personalities,\" Mark Borkowski, a PR agent explained to the FT.\"They were cultural icons who embraced a more flamboyant and turbulent lifestyle. Today's celebrities are different, they tread safer territory. The world has gone corporate.\" LinkedIn's editor-in-chief Daniel Roth told the FT that there's also been a 37% increase in pro athletes on the platform in the past five years including soccer player Amobi Okugo and French football player Rapha\u00ebl Varane.Okugo recently took to the platform saying he believes \"every athlete should be on LinkedIn.\"Read the original article on Business Insider",
            "tickers": [
                "msft"
            ]
        },
        {
            "id": "-9163601805676274801",
            "title": "Microsoft said to lay off sales, customer support staff as new fiscal year begins",
            "url": "https://seekingalpha.com/news/3986629-microsoft-layoffs-sales-customer-support-staff",
            "site": "seekingalpha.com",
            "time": 1689070282000,
            "favicon_url": "https://static.tickertick.com/website_icons/seekingalpha.com.ico",
            "tags": [
                "msft"
            ],
            "tickers": [
                "msft"
            ]
        },
        {
            "id": "-1834726659975203031",
            "title": "Microsoft started a new round of layoffs in the US and abroad",
            "url": "https://qz.com/microsoft-layoffs-2023-us-ireland-1850625749",
            "site": "qz.com",
            "time": 1689068940000,
            "favicon_url": "https://static.tickertick.com/website_icons/qz.com.ico",
            "tags": [
                "msft"
            ],
            "description": "Microsoft announced a new round of layoffs yesterday (July 10), adding to the 10,000 jobs cut at the start of the year. The company did not disclose the extent or nature of layoffs, but a new filing with the Washington state Worker Adjustment and Retraining Notification (WARN) system shows 276 layoffs\u2014210 at the\u2026Read more...",
            "tickers": [
                "msft"
            ]
        },
        {
            "id": "4684541468301173084",
            "title": "What tech boom? A homebuilder, 3 cruise lines, and Chipotle have all outperformed Apple and Microsoft on the S&P 500 this year",
            "url": "https://markets.businessinsider.com/news/stocks/us-stocks-homebuilder-cruises-chipotle-outperforming-apple-netflix-2023-7",
            "site": "businessinsider.com",
            "time": 1689066315000,
            "favicon_url": "https://static.tickertick.com/website_icons/businessinsider.com.ico",
            "tags": [
                "msft"
            ],
            "description": "While Apple's stock returned 45% year-to-date, cruise line operator Royal Caribbean strongly outperformed the tech giant, offering returns of 109%. Traders work on the floor of the New York Stock Exchange (NYSE) on March 28, 2023 in New York City.Spencer Platt/Getty Images The tech stock boom has some of its thunder stolen by outperformers from other industries. A homebuilder stock, three cruise operators, and Chipotle have all outperformed Apple and Netflix on the S&P 500 this year. While Apple returned 45% year-to-date, Royal Caribbean has delivered 109%. The tech stock boom of 2023 is getting some of its thunder stolen by unlikely rivals \u2013 from tourism, real estate and food industries.Cruise operators Carnival Corp., Royal Caribbean, Norwegian Cruise Line, home construction company PulteGroup and Chipotle have surpassed Apple and Microsoft on the S&P 500 index this year \u2013 delivering impressive year-to-date returns of 139%, 109%, 84%, 70%, and 51%, respectively. Meanwhile, Apple and Microsoft stocks have gained 45% and 38% respectively so far this year despite benefiting from the strongest investment theme of the year \u2013 the rise of artificial intelligence.A return on stock is the change in value of an investment over time. A positive return is a profit, and a negative one represents a loss. Apple and Microsoft \u2013 the two biggest companies in the world by market value \u2013 trailing non-tech names in the stock market seems to support the argument of some market experts that the tech-share surge is overhyped and overstretched.Top economist David Rosenberg warned last month that the AI-focused investor frenzy in the tech sector reminds him of the dot-com bubble of the late 1990s. Bank of America Global Research's CIO Michael Hartnett and TAM Asset Management's CIO James Penny too have expressed similar views.No doubt, the tech sector has enjoyed a sizzling rally this year. US stocks have soared so much that the S&P 500 even entered a new bull market. The tech-heavy Nasdaq 100 index has jumped about 37% year-to-date, powered by industry heavyweights including Nvidia, Tesla, and Meta. Santa Clara-based semiconductor company Nvidia has emerged as the clear winner of the tech frenzy, climbing almost 190% year-to-date, helping the firm break into the elite club of $1 trillion market-cap companies. Against that backdrop, why is a homebuilder, three cruise operators, and Chipotle outperforming tech giants? Improved homebuilder sentiment, strong earnings, and resilient housing demand despite higher interest interest rates have helped boost PulteGroup. Meanwhile, the cruise industry has experienced a comeback from a multi-year downturn caused by the COVID-19 pandemic. Pent-up tourism demand has helped Royal Caribbean and Carnival notch hefty gains this year.Read the original article on Business Insider",
            "tickers": [
                "msft"
            ]
        },
        {
            "id": "8557810268123006198",
            "title": ": Microsoft is cutting more jobs, after laying off 10,000 earlier this year",
            "url": "http://www.marketwatch.com/news/story.asp?guid=%7B20C06575-04D4-B545-7228-593676D0BE20%7D&siteid=rss&rss=1",
            "site": "marketwatch.com",
            "time": 1689039000000,
            "favicon_url": "https://static.tickertick.com/website_icons/marketwatch.com.ico",
            "tags": [
                "msft"
            ],
            "description": "A filing with Washington state's Employment Security Department said 276 workers in the Seattle area will lose their jobs.",
            "tickers": [
                "msft"
            ]
        },
        {
            "id": "-1696752490245933595",
            "title": "Microsoft confirms more job cuts on top of 10,000 layoffs announced in January",
            "url": "https://www.cnbc.com/2023/07/10/microsoft-confirms-more-job-cuts-on-top-of-10000-layoffs-in-january.html",
            "site": "cnbc.com",
            "time": 1689036370000,
            "favicon_url": "https://static.tickertick.com/website_icons/cnbc.com.ico",
            "tags": [
                "msft"
            ],
            "similar_stories": [
                "-8289874153679690391",
                "8557810268123006198"
            ],
            "description": "On top of the 10,000 layoffs that Microsoft announced in January, the company is now slimming down its number of salespeople.",
            "tickers": [
                "msft"
            ]
        },
        {
            "id": "3201017129917186381",
            "title": "UK Antitrust Agency Pauses Microsoft-Activision Appeal on FTC Court Loss in US",
            "url": "https://www.bloomberg.com/news/articles/2023-07-11/uk-cma-pauses-microsoft-activision-appeal-on-ftc-us-court-loss",
            "site": "bloomberg.com",
            "time": 1689033600000,
            "favicon_url": "https://static.tickertick.com/website_icons/bloomberg.com.ico",
            "tags": [
                "msft"
            ],
            "tickers": [
                "msft"
            ]
        },
        {
            "id": "4775974755178302822",
            "title": "Microsoft Cleared to Buy Activision in US as UK Pauses Fight",
            "url": "https://www.bloomberg.com/news/articles/2023-07-11/microsoft-wins-us-court-nod-to-buy-activision-in-loss-for-ftc",
            "site": "bloomberg.com",
            "time": 1689033600000,
            "favicon_url": "https://static.tickertick.com/website_icons/bloomberg.com.ico",
            "tags": [
                "msft"
            ],
            "tickers": [
                "msft"
            ]
        },
        {
            "id": "5544814746731944671",
            "title": "Activision Blizzard stock surges 10% after judge rules on Microsoft deal",
            "url": "https://www.cnbc.com/2023/07/11/activision-blizzard-stock-up-11percent-after-judge-rules-on-microsoft-deal.html",
            "site": "cnbc.com",
            "time": 1689033600000,
            "favicon_url": "https://static.tickertick.com/website_icons/cnbc.com.ico",
            "tags": [
                "msft"
            ],
            "tickers": [
                "msft"
            ]
        },
        {
            "id": "-9207213945140435790",
            "title": "More Microsoft Layoffs As Vendor Starts 2024 Fiscal Year",
            "url": "https://www.crn.com/news/cloud/more-microsoft-layoffs-as-vendor-starts-2024-fiscal-year",
            "site": "crn.com",
            "time": 1689030054000,
            "favicon_url": "https://static.tickertick.com/website_icons/crn.com.ico",
            "tags": [
                "msft"
            ],
            "similar_stories": [
                "-1834726659975203031"
            ],
            "description": "The layoffs appeared to hit solutions associates, direct sales associates, program managers and success managers.",
            "tickers": [
                "msft"
            ]
        },
        {
            "id": "2395857117163330312",
            "title": "Microsoft finally fixes broken Surface Pro X laptop cameras",
            "url": "https://www.bleepingcomputer.com/news/microsoft/microsoft-finally-fixes-broken-surface-pro-x-laptop-cameras/",
            "site": "bleepingcomputer.com",
            "time": 1689024505000,
            "favicon_url": "https://static.tickertick.com/website_icons/bleepingcomputer.com.ico",
            "tags": [
                "msft"
            ],
            "description": "Microsoft is finally rolling out a driver update to address a known issue causing built-in cameras on ARM-based Windows devices (including Surface Pro X laptops) to stop working. [...]",
            "tickers": [
                "msft"
            ]
        },
        {
            "id": "-6898099527504936908",
            "title": "Microsoft improves F# language hints in Visual Studio",
            "url": "https://www.infoworld.com/article/3701909/microsoft-improves-f-sharp-language-hints-in-visual-studio.html#tk.rss_all",
            "site": "infoworld.com",
            "time": 1689021480000,
            "favicon_url": "https://static.tickertick.com/website_icons/infoworld.com.ico",
            "tags": [
                "msft"
            ],
            "description": "Microsoft has improved type and parameter name hints for the F# language in its Visual Studio IDE, adding return type hints while incorporating tooltips for all hints.In a blog post on July 5, Microsoft provided an overview of code where developers can spot type hints, return type hints, and parameter name hints for F#, the company\u2019s multi-paradigm programming language targeting the .NET software development platform. F# supports functional, object-oriented, and imperative programming models.To read this article in full, please click here",
            "tickers": [
                "msft"
            ]
        },
        {
            "id": "-310209895486605226",
            "title": "Amazon's AppStore is getting more apps and games on Windows 11",
            "url": "https://www.bleepingcomputer.com/news/microsoft/amazons-appstore-is-getting-more-apps-and-games-on-windows-11/",
            "site": "bleepingcomputer.com",
            "time": 1689018402000,
            "favicon_url": "https://static.tickertick.com/website_icons/bleepingcomputer.com.ico",
            "tags": [
                "msft"
            ],
            "description": "In collaboration with Microsoft, Amazon has announced the general availability of its AppStore on Windows 11 for all developers. This means more apps and games are coming to Windows 11 as Amazon developers can now easily access the AppStore for Windows and bring their Amazon Store apps to Microsoft's platform. [...]",
            "tickers": [
                "msft"
            ]
        },
        {
            "id": "7966896272025249590",
            "title": "Activision ticks higher as investors await ruling in Microsoft FTC case",
            "url": "https://seekingalpha.com/news/3986564-activision-ticks-higher-as-investors-await-ruling-in-microsoft-ftc-case",
            "site": "seekingalpha.com",
            "time": 1689017989000,
            "favicon_url": "https://static.tickertick.com/website_icons/seekingalpha.com.ico",
            "tags": [
                "msft"
            ],
            "tickers": [
                "msft"
            ]
        },
        {
            "id": "-9137006192581172051",
            "title": "Microsoft: Windows 11 21H2 reaching end of service in October",
            "url": "https://www.bleepingcomputer.com/news/microsoft/microsoft-windows-11-21h2-reaching-end-of-service-in-october/",
            "site": "bleepingcomputer.com",
            "time": 1689015154000,
            "favicon_url": "https://static.tickertick.com/website_icons/bleepingcomputer.com.ico",
            "tags": [
                "msft"
            ],
            "description": "Microsoft warned customers today that multiple editions of Windows 11, version 21H2, will reach the end-of-service (EOS) in three months, on October 10, 2023. [...]",
            "tickers": [
                "msft"
            ]
        },
        {
            "id": "-436353128334487998",
            "title": "Dynatrace Platform Available on Microsoft Azure in Switzerland",
            "url": "https://www.apmdigest.com/dynatrace-platform-available-on-microsoft-azure-in-switzerland",
            "site": "apmdigest.com",
            "time": 1689011314000,
            "favicon_url": "https://static.tickertick.com/website_icons/apmdigest.com.ico",
            "tags": [
                "msft"
            ],
            "description": "Dynatrace announced the availability of the Dynatrace\u00ae platform on Microsoft Azure in Switzerland.",
            "tickers": [
                "msft"
            ]
        },
        {
            "id": "965658712112803200",
            "title": "New round of Microsoft job cuts hits customer service, support, and sales teams",
            "url": "https://www.geekwire.com/2023/new-round-of-microsoft-job-cuts-hits-customer-service-support-and-sales-teams/",
            "site": "geekwire.com",
            "time": 1689010944000,
            "favicon_url": "https://static.tickertick.com/website_icons/geekwire.com.ico",
            "tags": [
                "msft"
            ],
            "description": "Microsoft announced a new round of job cuts internally Monday morning, impacting an unknown number of employees in customer service, support, and sales. The cuts go beyond the 10,000 global layoffs announced by Microsoft on Jan. 18. Microsoft\u2019s fiscal year 2023 ended June 30. It\u2019s not uncommon for Microsoft to restructure parts of its business as it begins a new fiscal year. The company confirmed the layoffs in response to GeekWire\u2019s inquiry, without providing details. \u201cOrganizational and workforce adjustments are a necessary and regular part of managing our business. We will continue to prioritize and invest in strategic growth areas for\u2026 Read More (GeekWire File Photo) Microsoft announced a new round of job cuts internally Monday morning, impacting an unknown number of employees in customer service, support, and sales. The cuts go beyond the 10,000 global layoffs announced by Microsoft on Jan. 18. Microsoft\u2019s fiscal year 2023 ended June 30. It\u2019s not uncommon for Microsoft to restructure parts of its business as it begins a new fiscal year. The company confirmed the layoffs in response to GeekWire\u2019s inquiry, without providing details. \u201cOrganizational and workforce adjustments are a necessary and regular part of managing our business. We will continue to prioritize and invest in strategic growth areas for our future and in support of our customers and partners,\u201d a Microsoft spokesperson said in a statement. Numerous LinkedIn posts shed more light on the nature of the cuts, which target customer support and sales jobs across teams, geographies, and roles.",
            "tickers": [
                "msft"
            ]
        },
        {
            "id": "-1091062281923795779",
            "title": "Microsoft blames Azure West Europe networking issues on severe weather conditions",
            "url": "https://www.datacenterdynamics.com/en/news/azure-west-europe-networking-issues-blamed-on-severe-weather-conditions/",
            "site": "datacenterdynamics.com",
            "time": 1689008229000,
            "favicon_url": "https://static.tickertick.com/website_icons/datacenterdynamics.com.ico",
            "tags": [
                "msft"
            ],
            "description": "Storm cut fiber between two Dutch data centers",
            "tickers": [
                "msft"
            ]
        },
        {
            "id": "-6389352739808008316",
            "title": "Developers restore \u201cretail\u201d Xbox emulators after Microsoft crackdown",
            "url": "https://arstechnica.com/?p=1952462",
            "site": "arstechnica.com",
            "time": 1689006357000,
            "favicon_url": "https://static.tickertick.com/website_icons/arstechnica.com.ico",
            "tags": [
                "msft"
            ],
            "description": "Dev says package uses new techniques to avoid automatic detection/banning. \"Le Bombe.\" (credit: Xbemu.me)It's been about three months since Microsoft cracked down on a number of emulators designed for Xbox consoles and distributed via a loophole in the Xbox Store. But that crackdown hasn't stopped the Xbox emulation community, which this weekend launched a new version of those \"retail mode\" emulators that they're confident will be able to evade Microsoft's automatic detection and removal tools. The newly accessible emulators come courtesy of the \"UWeaPons Store,\" a name that references the Universal Windows Platform program that allows generic Windows apps to be distributed to Xbox consoles in the first place. Subscribing to the group's Patreon for $2 per month puts supporters on an email \"whitelist\" that allows access to \"Le Bombe,\" a package that can install Dolphin (GameCube/Wii), XBSX2.0 (PlayStation 2), Xenia (Xbox 360), and RetroArch (multiple older consoles) on a standard Xbox console. That new unified distribution package is partly designed as a way to avoid the algorithms that were automatically flagging and blocking previous attempts to distribute UWP emulators through the Xbox Store, according to emulator developer SirMangler. \"We wrote a new package from scratch and stripped as many identifiable elements as possible, including all the emulators into one download,\" he told Ars in a Discord chat.Read 8 remaining paragraphs | Comments",
            "tickers": [
                "msft"
            ]
        },
        {
            "id": "4116194017297496616",
            "title": "Microsoft Secretly Devalued Xbox Game Pass Conversions",
            "url": "https://www.slashgear.com/1335174/microsoft-xbox-game-pass-conversion-devalued/",
            "site": "slashgear.com",
            "time": 1689004892000,
            "favicon_url": "https://static.tickertick.com/website_icons/slashgear.com.ico",
            "tags": [
                "msft"
            ],
            "description": "Alongside price changes for Xbox Game Pass subscriptions, it seems Microsoft opted to nerf a popular money-saving technique with Xbox Live Gold memberships. Alongside price changes for Xbox Game Pass subscriptions, it seems Microsoft opted to nerf a popular money-saving technique with Xbox Live Gold memberships.",
            "tickers": [
                "msft"
            ]
        },
        {
            "id": "1585297600374632514",
            "title": "Hands on with Windows Copilot - A Bing.com web wrapper",
            "url": "https://www.bleepingcomputer.com/news/microsoft/hands-on-with-windows-copilot-a-bingcom-web-wrapper/",
            "site": "bleepingcomputer.com",
            "time": 1689003374000,
            "favicon_url": "https://static.tickertick.com/website_icons/bleepingcomputer.com.ico",
            "tags": [
                "msft"
            ],
            "description": "The first preview of Windows Copilot falls short of expectations. Though it promises features like turning on simple settings like switching to dark mode, the 'AI integration' feels far from native. In fact, Copilot feels like a web wrapper, a pane running Bing.com within Microsoft Edge rather than a fully integrated part of Windows [...]",
            "tickers": [
                "msft"
            ]
        },
        {
            "id": "-962012131443863304",
            "title": "Microsoft's Azure West Europe region blew away in freak summer storm",
            "url": "https://go.theregister.com/feed/www.theregister.com/2023/07/10/azure_storm_poly/",
            "site": "theregister.com",
            "time": 1689003011000,
            "favicon_url": "https://static.tickertick.com/website_icons/theregister.com.ico",
            "tags": [
                "msft"
            ],
            "description": "Network issues caused by nature's hilarious prank A freak summer storm in the Netherlands is being blamed for causing network issues in Microsoft's Azure West Europe region last week, according to a preliminary post-incident review by the company.\u2026",
            "tickers": [
                "msft"
            ]
        }
    ],
    "last_id": "-962012131443863304"
}