{
    "stories": [
        {
            "id": "279960057847795584",
            "title": "Lilly's Newest Phase of Get Better Campaign Challenges Misperceptions About Obesity Care",
            "url": "https://www.biospace.com/article/releases/lilly-s-newest-phase-of-get-better-campaign-challenges-misperceptions-about-obesity-care/?s=104",
            "site": "biospace.com",
            "time": 1709769600000,
            "favicon_url": "https://static.tickertick.com/website_icons/biospace.com.ico",
            "tags": [
                "lly"
            ],
            "description": "Eli Lilly and Company launched the next phase of its Get Better corporate branding campaign with a new focus on obesity.",
            "tickers": [
                "lly"
            ]
        },
        {
            "id": "4505123206146920020",
            "title": "Eli Lilly likely won't meet demand for weight loss, diabetes drugs in 2024 | $LLY",
            "url": "https://seekingalpha.com/news/4076590-eli-lilly-likely-wont-meet-demand-weight-loss-diabetes-drugs-2024",
            "site": "seekingalpha.com",
            "time": 1709742703000,
            "favicon_url": "https://static.tickertick.com/website_icons/seekingalpha.com.ico",
            "tags": [
                "lly"
            ],
            "tickers": [
                "lly"
            ]
        },
        {
            "id": "7412120756266056524",
            "title": "Eli Lilly said to have tapped National Resilience, BSP for Zepbound production",
            "url": "https://seekingalpha.com/news/4076137-eli-lilly-taps-national-resilience-bsp-make-zepbound",
            "site": "seekingalpha.com",
            "time": 1709661746000,
            "favicon_url": "https://static.tickertick.com/website_icons/seekingalpha.com.ico",
            "tags": [
                "lly"
            ],
            "tickers": [
                "lly"
            ]
        },
        {
            "id": "-2260020846682965227",
            "title": "Eli Lilly races to boost capacity for rival to Novo Nordisk weight-loss drug",
            "url": "https://www.ft.com/content/f7bc9af9-4643-481a-94e8-ac87547123a8",
            "site": "ft.com",
            "time": 1709614804000,
            "favicon_url": "https://static.tickertick.com/website_icons/ft.com.ico",
            "tags": [
                "lly"
            ],
            "description": "US group hunts for outsourcers to lift production of Zepbound as it takes on Danish group\u2019s Wegovy blockbuster",
            "tickers": [
                "lly"
            ]
        },
        {
            "id": "528994322081940166",
            "title": "Cramer says get ready to buy if there's a market sell-off: 'I have my shopping list'",
            "url": "https://www.cnbc.com/2024/03/04/jim-cramer-says-get-ready-to-buy-if-theres-a-market-sell-off.html",
            "site": "cnbc.com",
            "time": 1709597444000,
            "favicon_url": "https://static.tickertick.com/website_icons/cnbc.com.ico",
            "tags": [
                "lly"
            ],
            "description": "CNBC's Jim Cramer named Nvidia, Eli Lilly and Novo Nordisk as companies that deserve high valuations.",
            "tickers": [
                "lly"
            ]
        },
        {
            "id": "-1694691612016190385",
            "title": "Lilly Announces Details of Presentations at 2024 American Association for Cancer Research (AACR) Annual Meeting",
            "url": "https://www.biospace.com/article/releases/lilly-announces-details-of-presentations-at-2024-american-association-for-cancer-research-aacr-annual-meeting/?s=83",
            "site": "biospace.com",
            "time": 1709596800000,
            "favicon_url": "https://static.tickertick.com/website_icons/biospace.com.ico",
            "tags": [
                "lly"
            ],
            "description": "Eli Lilly and Company (NYSE: LLY) today announced that preclinical data for agents targeting Nectin-4, KRAS G12D, and BRM (SMARCA2) will be presented at the American Association for Cancer Research (AACR) Annual Meeting, taking place April 5-10 in San Diego.",
            "tickers": [
                "lly"
            ]
        },
        {
            "id": "-5011794005662022949",
            "title": "The battle over the trillion-dollar weight-loss bonanza",
            "url": "https://www.economist.com/business/2024/03/04/the-battle-over-the-trillion-dollar-weight-loss-bonanza",
            "site": "economist.com",
            "time": 1709586238000,
            "favicon_url": "https://static.tickertick.com/website_icons/economist.com.ico",
            "tags": [
                "lly"
            ],
            "description": "Novo Nordisk and Eli Lilly are making blockbuster drugs. Can they maintain their lead?",
            "tickers": [
                "lly"
            ]
        },
        {
            "id": "-168053754752525977",
            "title": "Eli Lilly price target upped at UBS on GLP-1 survey | $LLY $NVO",
            "url": "https://seekingalpha.com/news/4075349-eli-lilly-price-target-upped-ubs-glp-1-survey",
            "site": "seekingalpha.com",
            "time": 1709568472000,
            "favicon_url": "https://static.tickertick.com/website_icons/seekingalpha.com.ico",
            "tags": [
                "lly"
            ],
            "tickers": [
                "lly"
            ]
        },
        {
            "id": "-2001300915628695510",
            "title": "Here are Monday's biggest analyst calls: Nvidia, Apple, Super Micro, Eli Lilly, Lyft, DoorDash",
            "url": "https://www.cnbc.com/2024/03/04/mondays-stocks-to-buy-like-nvidia.html",
            "site": "cnbc.com",
            "time": 1709558520000,
            "favicon_url": "https://static.tickertick.com/website_icons/cnbc.com.ico",
            "tags": [
                "lly"
            ],
            "description": "Here are the biggest calls on Wall Street on",
            "tickers": [
                "lly"
            ]
        },
        {
            "id": "5053388721196465647",
            "title": "Eli Lilly price target upped at UBS on GLP-1 survey",
            "url": "https://seekingalpha.com/news/4075349-eli-lilly-price-target-upped-ubs-glp-1-survey?source=content_type%3Areact%7Cfirst_level_url%3Amarket-news%7Csection_asset%3Amain%7Csection%3Ahealthcare",
            "site": "seekingalpha.com",
            "time": 1709435428000,
            "favicon_url": "https://static.tickertick.com/website_icons/seekingalpha.com.ico",
            "tags": [
                "lly"
            ],
            "tickers": [
                "lly"
            ]
        },
        {
            "id": "-8847962128382014981",
            "title": "The $1T club could soon have its first non-tech members: Berkshire Hathaway & Eli Lilly",
            "url": "https://seekingalpha.com/news/4074979-the-1t-club-could-soon-have-its-first-non-tech-members-berkshire-hathaway-eli-lilly",
            "site": "seekingalpha.com",
            "time": 1709392200000,
            "favicon_url": "https://static.tickertick.com/website_icons/seekingalpha.com.ico",
            "tags": [
                "lly"
            ],
            "tickers": [
                "lly"
            ]
        },
        {
            "id": "-3051165565303397096",
            "title": "Eli Lilly stock will surge 29% over the next year with its weight-loss drug on pace to do $60 billion in sales by 2030, BofA says",
            "url": "https://markets.businessinsider.com/news/stocks/eli-lilly-stock-outlook-weight-loss-drug-bofa-upgrade-glp1-2024-3",
            "site": "businessinsider.com",
            "time": 1709311683000,
            "favicon_url": "https://static.tickertick.com/website_icons/businessinsider.com.ico",
            "tags": [
                "lly"
            ],
            "description": "\"We'd argue our forecasts are still conservative, as by 2030, we assume <7% of US adults will be on a GLP-1 for obesity,\" BofA said. The logo of Lilly is seen on a wall of the Lilly France company unit, part of the Eli Lilly and Co drugmaker group, in Fegersheim near Strasbourg, France, February 1, 2018. Picture taken February 1, 2018.Vincent Kessler / ReutersEli Lilly received a street-high $1,000 price target from Bank of America on Friday, marking 29% upside from current levels.The bank said Eli Lilly's GLP-1 weight loss drug could top $60 billion in sales by 2030.\"We'd argue that additional opportunities in heart disease, obstructive sleep apnea, and liver disease are vastly underappreciated,\" BofA said.Shares of Eli Lilly could surge another 29% from current levels as its GLP-1 weight loss drug sees a sales boom, according to Bank of America.The bank reiterated its \"Buy\" rating and increased its price target to $1,000 from $800, which represents the highest price target on Wall Street.\"While investors clearly recognize the commercial opportunity for Mounjaro (diabetes) and Zepbound (obesity), we'd argue that additional opportunities in heart disease, obstructive sleep apnea, and liver disease are vastly underappreciated,\" Bank of America analyst Geoff Meacham said in a Friday note.The bank expects sales of Eli Lilly's GLP-1 drugs to see continued strength for years to come, with the potential for sales to top $60 billion by 2030. For perspective, Eli Lilly generated $34 billion in revenue last year.The drug company has experienced a swift uptake in sales for its GLP-1 drug, which helps patients lose weight faster with less frequent side effects than competing FDA-approved drugs. But the opportunity for Eli Lilly is expanding its approved indications for the drug to beyond obesity, which could lead to increased insurance coverage for the drug.\"We acknowledge there's wood to chop on access/manufacturing capacity, but we'd argue our forecasts are still conservative, as by 2030, we assume <7% of US adults will be on a GLP-1 for obesity (includes competitors),\" Meacham said. Next-generation weight loss drugs from Eli Lilly, if approved, could add an additional $20 billion to the company's revenue by 2030, according to the note, bringing its total weight-loss class of drugs to more than $80 billion of sales.The company is developing an oral version of its GLP-1 drugs, as opposed to the current injection form of the drug, as well as a GGG agonist, which has shown promise in helping patients lose weight without significant muscle loss.Finally, Meacham noted that Eli Lilly has a portfolio and pipeline of drugs aside from its weight-loss franchise that, while much smaller than the projected growth of Mounjaro and Zepbound, should help add diversification to its business.\"Given the robust P&L impact of Lilly's GLP-1 portfolio, its neuroscience, oncology, and I&I segments seem less impactful. That said, these other segments and diversification + optionality and for oncology / I&I, we see an impressive +16% 5-year CAGR,\" Meacham said. I&I refers to Eli Lilly's immunology and inflammation drugs. Read the original article on Business Insider",
            "tickers": [
                "lly"
            ]
        },
        {
            "id": "3811183914646478140",
            "title": "4 stocks to watch on Friday: Plug Power, Eli Lilly and more",
            "url": "https://seekingalpha.com/news/4074559-4-stocks-to-watch-on-friday-plug-power-eli-lilly-and-more",
            "site": "seekingalpha.com",
            "time": 1709301780000,
            "favicon_url": "https://static.tickertick.com/website_icons/seekingalpha.com.ico",
            "tags": [
                "lly"
            ],
            "tickers": [
                "lly"
            ]
        },
        {
            "id": "803912256418754009",
            "title": "Eli Lilly gains as Bank of America renews bullish narrative",
            "url": "https://seekingalpha.com/news/4074523-lilly-stock-gains-bank-of-america-raises-target",
            "site": "seekingalpha.com",
            "time": 1709299155000,
            "favicon_url": "https://static.tickertick.com/website_icons/seekingalpha.com.ico",
            "tags": [
                "lly"
            ],
            "tickers": [
                "lly"
            ]
        },
        {
            "id": "-7701526258601376396",
            "title": "Here are Friday's biggest analyst calls: Nvidia, Apple, Dell, Netflix, Micron, Broadcom, Eli Lilly",
            "url": "https://www.cnbc.com/2024/03/01/fridays-top-stock-to-buy-like-nvidia.html",
            "site": "cnbc.com",
            "time": 1709299020000,
            "favicon_url": "https://static.tickertick.com/website_icons/cnbc.com.ico",
            "tags": [
                "lly"
            ],
            "description": "Here are the biggest calls on Wall Street on",
            "tickers": [
                "lly"
            ]
        },
        {
            "id": "-3677406596327420951",
            "title": "Here is Eli Lilly's competitive edge in GLP-1 obesity drugs and Abbott's secondary play",
            "url": "https://www.cnbc.com/2024/02/29/here-is-eli-lillys-competitive-edge-in-glp-1-obesity-drugs-and-abbotts-secondary-play.html",
            "site": "cnbc.com",
            "time": 1709236008000,
            "favicon_url": "https://static.tickertick.com/website_icons/cnbc.com.ico",
            "tags": [
                "lly"
            ],
            "description": "Every weekday, the Investing Club releases the Homestretch; an actionable afternoon update just in time for the last hour of trading.",
            "tickers": [
                "lly"
            ]
        },
        {
            "id": "-7849480508647668292",
            "title": "Lilly Eyes India Launch of Mounjaro in 2025: Reuters",
            "url": "https://www.biospace.com/article/lilly-eyes-india-launch-of-obesity-diabetes-drugs-in-2025-reuters/?s=95",
            "site": "biospace.com",
            "time": 1709164800000,
            "favicon_url": "https://static.tickertick.com/website_icons/biospace.com.ico",
            "tags": [
                "lly"
            ],
            "description": "Eli Lilly is planning to launch its blockbuster diabetes drug Mounjaro next year in India, the world\u2019s most populous nation, ahead of its main competitor Novo Nordisk which is eyeing an Indian launch of Wegovy in 2026.",
            "tickers": [
                "lly"
            ]
        },
        {
            "id": "-5226047339809025446",
            "title": "Lilly Looks to India Launch of Mounjaro in 2025: Reuters",
            "url": "https://www.biospace.com/article/lilly-looks-to-india-launch-of-mounjaro-in-2025-reuters/?s=95",
            "site": "biospace.com",
            "time": 1709164800000,
            "favicon_url": "https://static.tickertick.com/website_icons/biospace.com.ico",
            "tags": [
                "lly"
            ],
            "similar_stories": [
                "-7849480508647668292"
            ],
            "description": "Eli Lilly is planning to launch its blockbuster diabetes drug Mounjaro next year in India, the world\u2019s most populous nation, ahead of its main competitor Novo Nordisk which is eyeing an Indian launch of Wegovy in 2026.",
            "tickers": [
                "lly"
            ]
        },
        {
            "id": "310210799754827856",
            "title": "Viking Weight Loss Drug Targets Ozempic And Mounjaro Makers\u2019 Supremacy \u2014 What To Know",
            "url": "https://www.forbes.com/sites/roberthart/2024/02/28/viking-weight-loss-drug-targets-ozempic-and-mounjaro-makers-supremacy---what-to-know/",
            "site": "forbes.com",
            "time": 1709133071000,
            "favicon_url": "https://static.tickertick.com/website_icons/forbes.com.ico",
            "tags": [
                "lly"
            ],
            "description": "Viking Therapeutics\u2019 stock more than doubled on Tuesday following the release of trials results suggesting its injectable obesity treatment outperforms industry leaders like Novo Nordisk\u2019s Wegovy and Eli Lilly\u2019s Zepbound. Viking Therapeutics\u2019 stock more than doubled on Tuesday following the release of trials results suggesting its injectable obesity treatment outperforms industry leaders like Novo Nordisk\u2019s Wegovy and Eli Lilly\u2019s Zepbound.",
            "tickers": [
                "lly"
            ]
        },
        {
            "id": "4667147721431466784",
            "title": "Beam reverses gains after mixed shelf offering | $BEAM $LLY",
            "url": "https://seekingalpha.com/news/4072881-beam-stock-slips-mixed-shelf-offering",
            "site": "seekingalpha.com",
            "time": 1709121071000,
            "favicon_url": "https://static.tickertick.com/website_icons/seekingalpha.com.ico",
            "tags": [
                "lly"
            ],
            "tickers": [
                "lly"
            ]
        },
        {
            "id": "-4175757735642638094",
            "title": "BMO starts Korro at outperform, cites upcoming data for AATD drug | $KRRO $GSK $RHHBY $LLY $PRQR",
            "url": "https://seekingalpha.com/news/4072585-bmo-starts-korro-at-outperform-cites-upcoming-data-for-aatd-drug",
            "site": "seekingalpha.com",
            "time": 1709068003000,
            "favicon_url": "https://static.tickertick.com/website_icons/seekingalpha.com.ico",
            "tags": [
                "lly"
            ],
            "tickers": [
                "lly"
            ]
        },
        {
            "id": "-5502959062044846242",
            "title": "Waters, Moderna most shorted stocks in S&P 500 health sector till Jan-end | $XLV $JNJ $LLY $COO $WAT",
            "url": "https://seekingalpha.com/news/4072568-waters-moderna-most-shorted-stocks-in-sp-500-health-sector-till-jan-end",
            "site": "seekingalpha.com",
            "time": 1709067602000,
            "favicon_url": "https://static.tickertick.com/website_icons/seekingalpha.com.ico",
            "tags": [
                "lly"
            ],
            "tickers": [
                "lly"
            ]
        },
        {
            "id": "8304130071357896322",
            "title": "Viking stock doubled Tuesday. Here's where the next moves in the obesity space could come from",
            "url": "https://www.cnbc.com/2024/02/27/viking-stock-doubled-tuesday-heres-where-the-next-moves-in-the-obesity-space-could-come-from.html",
            "site": "cnbc.com",
            "time": 1709064540000,
            "favicon_url": "https://static.tickertick.com/website_icons/cnbc.com.ico",
            "tags": [
                "lly"
            ],
            "description": "Anti-obesity drugmakers Novo Nordisk and Eli Lilly have a huge lead on their competition, but it's coming.",
            "tickers": [
                "lly"
            ]
        },
        {
            "id": "6263310213735864697",
            "title": "Healthy Returns: The newest treatment use for weight loss drugs? Liver disease",
            "url": "https://www.cnbc.com/2024/02/27/healthy-returns-liver-disease-is-newest-weight-loss-drug-use-.html",
            "site": "cnbc.com",
            "time": 1709056744000,
            "favicon_url": "https://static.tickertick.com/website_icons/cnbc.com.ico",
            "tags": [
                "lly"
            ],
            "description": "Zealand Pharma, Eli Lilly show the potential of treating liver disease with weight loss drugs, while the Change Healthcare outage continues after a cyberattack.",
            "tickers": [
                "lly"
            ]
        },
        {
            "id": "2938019381893204685",
            "title": "Viking Therapeutics shares more than double on \u2018statistically significant\u2019 weight-loss trial results",
            "url": "https://www.ft.com/content/53f1348b-c6c6-4f81-b90f-14640635c46b",
            "site": "ft.com",
            "time": 1709056353000,
            "favicon_url": "https://static.tickertick.com/website_icons/ft.com.ico",
            "tags": [
                "lly"
            ],
            "description": "US biotech group\u2019s data suggests dominance of Novo Nordisk and Eli Lilly in the anti-obesity segment could be challenged in a few years",
            "tickers": [
                "lly"
            ]
        },
        {
            "id": "-1538309992582790487",
            "title": "Beam stock jumps as Eli Lilly deal drives Q4 beat",
            "url": "https://seekingalpha.com/news/4072415-beam-stock-jumps-as-eli-lilly-deal-brings-q4-beat",
            "site": "seekingalpha.com",
            "time": 1709055921000,
            "favicon_url": "https://static.tickertick.com/website_icons/seekingalpha.com.ico",
            "tags": [
                "lly"
            ],
            "tickers": [
                "lly"
            ]
        },
        {
            "id": "-6998488814482742527",
            "title": "Eli Lilly talks with Viking Therapeutics may have stalled - report",
            "url": "https://seekingalpha.com/news/4072391-eli-lilly-talks-with-viking-therapeutics-may-have-stalled-report",
            "site": "seekingalpha.com",
            "time": 1709054692000,
            "favicon_url": "https://static.tickertick.com/website_icons/seekingalpha.com.ico",
            "tags": [
                "lly"
            ],
            "tickers": [
                "lly"
            ]
        },
        {
            "id": "5557775437422671567",
            "title": "Another Ozempic weight loss drug competitor is getting a major stock boost",
            "url": "https://qz.com/ozempic-wegovy-competitor-weight-loss-viking-1851289658",
            "site": "qz.com",
            "time": 1709049235000,
            "favicon_url": "https://static.tickertick.com/website_icons/qz.com.ico",
            "tags": [
                "lly"
            ],
            "description": "The race is on to break up the current weight loss drug duopoly held by Novo Nordisk, the manufacturer of Ozempic and Wegovy, and Eli Lilly, the maker of Zepbound.Read more...",
            "tickers": [
                "lly"
            ]
        },
        {
            "id": "-7483664721204906324",
            "title": "Novo Nordisk, Lilly fall premarket on Viking's obesity drug gains",
            "url": "https://seekingalpha.com/news/4072227-novo-nordisk-lilly-fall-premarket-viking-obesity-drug-gains",
            "site": "seekingalpha.com",
            "time": 1709041931000,
            "favicon_url": "https://static.tickertick.com/website_icons/seekingalpha.com.ico",
            "tags": [
                "lly"
            ],
            "tickers": [
                "lly"
            ]
        },
        {
            "id": "-675439896740472808",
            "title": "Tuesday's analyst calls: Eli Lilly gets price target increase, Nvidia a top pick",
            "url": "https://www.cnbc.com/2024/02/27/analyst-calls-all-the-market-moving-chatter-from-wall-street-tuesday-morning.html",
            "site": "cnbc.com",
            "time": 1709030280000,
            "favicon_url": "https://static.tickertick.com/website_icons/cnbc.com.ico",
            "tags": [
                "lly"
            ],
            "description": "A pharma giant and a gas stock were in focus among early analyst calls on Tuesday.",
            "tickers": [
                "lly"
            ]
        },
        {
            "id": "-7751203709455147907",
            "title": "Cramer names contenders for the next company to hit $1 trillion market cap",
            "url": "https://www.cnbc.com/2024/02/26/jim-cramer-names-companies-approaching-1-trillion-market-cap.html",
            "site": "cnbc.com",
            "time": 1708989456000,
            "favicon_url": "https://static.tickertick.com/website_icons/cnbc.com.ico",
            "tags": [
                "lly"
            ],
            "description": "CNBC's Jim Cramer on Monday Eli Lilly, Berkshire Hathaway, Tesla and Broadcom have a chance to break the $1 trillion market cap barrier.",
            "tickers": [
                "lly"
            ]
        },
        {
            "id": "31266756999786495",
            "title": "Novo Nordisk and Eli Lilly rival soars 26% after promising weight-loss drug results",
            "url": "https://www.cnbc.com/2024/02/26/novo-nordisk-and-eli-lilly-rival-soars-26percent-after-promising-test-results.html",
            "site": "cnbc.com",
            "time": 1708943572000,
            "favicon_url": "https://static.tickertick.com/website_icons/cnbc.com.ico",
            "tags": [
                "lly"
            ],
            "description": "Zealand Pharma's Phase 2 trial was an \"uniquivocal win\" for a drug that can treat both liver disease and obesity, analysts said.",
            "tickers": [
                "lly"
            ]
        },
        {
            "id": "4745490680641671787",
            "title": "Cramer: Viking Therapeutics' weight-loss data not enough to dethrone Eli Lilly",
            "url": "https://www.cnbc.com/2024/02/27/cramer-eli-lilly-not-dethroned-by-viking-therapeutics-obesity-data.html",
            "site": "cnbc.com",
            "time": 1708878379000,
            "favicon_url": "https://static.tickertick.com/website_icons/cnbc.com.ico",
            "tags": [
                "lly"
            ],
            "tickers": [
                "lly"
            ]
        },
        {
            "id": "-8729845520092975750",
            "title": "Lilly Edges Out J&J to Top 20 BioPharma Market Cap List for 2023",
            "url": "https://www.biospace.com/article/eli-lilly-edges-out-j-and-j-to-top-20-biopharma-market-cap-list-for-2023-/?s=89",
            "site": "biospace.com",
            "time": 1708387200000,
            "favicon_url": "https://static.tickertick.com/website_icons/biospace.com.ico",
            "tags": [
                "lly"
            ],
            "description": "Two surprise companies, Vertex Pharmaceuticals and Regeneron Pharmaceuticals, made GlobalData\u2019s list with 41.4% and 21.8% market capitalization growth, respectively.",
            "tickers": [
                "lly"
            ]
        },
        {
            "id": "-1620127597997814518",
            "title": "EU to Review Lilly\u2019s Multi-Dose Pen for Mounjaro on Heels of UK Launch",
            "url": "https://www.biospace.com/article/eu-to-review-lilly-s-multidose-injectable-pen-for-mounjaro-on-heels-of-uk-launch-/?s=95",
            "site": "biospace.com",
            "time": 1708387200000,
            "favicon_url": "https://static.tickertick.com/website_icons/biospace.com.ico",
            "tags": [
                "lly"
            ],
            "description": "A week after Britain\u2019s debut of the four-week Kwikpen, a European Medicines Agency panel is slated to review Eli Lilly\u2019s multi-dose, pre-filled pen injector for diabetes drug Mounjaro.",
            "tickers": [
                "lly"
            ]
        },
        {
            "id": "-4137616860953330384",
            "title": "Berkshire Hathaway Class A shares top $600,000 for the first time as Warren Buffett's conglomerate edges toward $1 trillion milestone",
            "url": "https://markets.businessinsider.com/news/stocks/berkshire-hathaway-stock-tops-600000-warren-buffett-1-trillion-valuation-2024-2",
            "site": "businessinsider.com",
            "time": 1708114840000,
            "favicon_url": "https://static.tickertick.com/website_icons/businessinsider.com.ico",
            "tags": [
                "lly"
            ],
            "description": "Berkshire Hathaway is racing Eli Lilly to become the first $1 trillion US company that is not a technology firm. Rick Wilking/ReutersBerkshire Hathaway Class A shares closed above $600,000 for the first time this week.Warren Buffett's conglomerate is now just $120 billion away from hitting a $1 trillion valuation.Berkshire Hathaway stock has returned 3,215,489% since Buffett took over the company in 1965. Berkshire Hathaway notched a new record this week when its Class A shares closed above $600,000 on Wednesday.Warren Buffett's conglomerate is now the seventh largest US company and trades at a valuation of about $880 billion, putting it just $120 billion away from the $1 trillion milestone.Berkshire Hathaway is now in a race with Eli Lilly to become the first $1 trillion US company that is not a technology firm. Eli Lilly's market valuation is about $130 billion behind Berkshire Hathaway at $749 billion.Buffett took over Berkshire Hathaway in 1965, when its stock was trading at about $19 per share. Since then, the stock has soared 3,215,489% to $610,962 on Friday, and all along Buffett has resisted a stock split.Instead, Berkshire Hathaway introduced lower priced Class B shares in 1996. At the time, Class A shares traded just above $30,000, while Class B shares started trading at 1/30th the price, around $1,000. Today, Berkshire's Class B shares trade just over $400, in part due to a stock split in 2010 after Berkshire purchased railroad operator BNSF.Buffett's reasoning behind not splitting the Class A shares is his quest to attract high-quality buy-and-hold investors that are more focused on the long-term growth and sustainability of the business rather than the price level of the stock.In a 1995 shareholders meeting, Buffett said splitting the stock would likely attract short-term investors who had little knowledge about the underlying business.\"I know that if we had something that it was a lot easier for anybody with $500 to buy, that we would get an awful lot of people buying it who didn't have the faintest idea what they were doing,\" Buffett said.The last price milestone reached by Berkshire Hathaway's Class A shares was in March 2022, when the stock crossed above the $500,000 threshold.Since then, Berkshire Hathaway has amassed a nearly 30% stake in Occidental Petroleum and bought insurance company Alleghany for $11.6 billion. And the company's investment portfolio if individual stocks has swelled to nearly $350 billion.Here are the latest portfolio trades made by Berkshire Hathaway during the fourth quarter.Read the original article on Business Insider",
            "tickers": [
                "lly"
            ]
        },
        {
            "id": "6508580560481203912",
            "title": "What you need to know about health insurance coverage for new weight loss drugs, and how to save on costs",
            "url": "https://www.cnbc.com/2024/02/16/what-you-need-to-know-about-health-coverage-for-new-weight-loss-drugs.html",
            "site": "cnbc.com",
            "time": 1708098551000,
            "favicon_url": "https://static.tickertick.com/website_icons/cnbc.com.ico",
            "tags": [
                "lly"
            ],
            "description": "Weight loss drugs like Novo Nordisk's Wegovy and Eli Lilly's Zepbound cost over $1,000 a month, and right now, most employer health insurance doesn't cover it.",
            "tickers": [
                "lly"
            ]
        },
        {
            "id": "2750181616116102012",
            "title": "Could Eli Lilly be the first $1T biopharma stock? Morgan Stanley asks",
            "url": "https://seekingalpha.com/news/4068101-could-eli-lilly-be-first-1t-biopharma-morgan-stanley",
            "site": "seekingalpha.com",
            "time": 1708085734000,
            "favicon_url": "https://static.tickertick.com/website_icons/seekingalpha.com.ico",
            "tags": [
                "lly"
            ],
            "tickers": [
                "lly"
            ]
        },
        {
            "id": "-5560049289834717608",
            "title": "Eli Lilly obesity therapy tirzepatide being rolled out in the U.K.",
            "url": "https://seekingalpha.com/news/4067537-eli-lilly-obesity-therapy-launched-uk",
            "site": "seekingalpha.com",
            "time": 1708001586000,
            "favicon_url": "https://static.tickertick.com/website_icons/seekingalpha.com.ico",
            "tags": [
                "lly"
            ],
            "tickers": [
                "lly"
            ]
        },
        {
            "id": "-7428755622625764203",
            "title": "What Eli Lilly investors can learn from the slow launch of a competitor's drug",
            "url": "https://www.cnbc.com/2024/02/15/what-eli-lilly-investors-can-learn-from-the-slow-launch-of-rival-drug.html",
            "site": "cnbc.com",
            "time": 1707994861000,
            "favicon_url": "https://static.tickertick.com/website_icons/cnbc.com.ico",
            "tags": [
                "lly"
            ],
            "description": "The rollout of Alzheimer's treatment Leqembi from Biogen is going slower than expected, providing a read-through for Club stock Eli Lilly.",
            "tickers": [
                "lly"
            ]
        },
        {
            "id": "4687589122345789804",
            "title": "Morgan Stanley says Eli Lilly could become the first $1 trillion pharma stock",
            "url": "https://www.cnbc.com/2024/02/16/zepbound-could-propel-eli-lilly-to-become-the-first-1-trillion-pharma-stock.html",
            "site": "cnbc.com",
            "time": 1707981061000,
            "favicon_url": "https://static.tickertick.com/website_icons/cnbc.com.ico",
            "tags": [
                "lly"
            ],
            "similar_stories": [
                "2750181616116102012"
            ],
            "tickers": [
                "lly"
            ]
        },
        {
            "id": "-5605512882508033608",
            "title": "ADC-Focused Firefly Bio Emerges from Stealth with $94M Series A",
            "url": "https://www.biospace.com/article/adc-focused-firefly-bio-emerges-from-stealth-with-94m-series-a/?s=80",
            "site": "biospace.com",
            "time": 1707955200000,
            "favicon_url": "https://static.tickertick.com/website_icons/biospace.com.ico",
            "tags": [
                "lly"
            ],
            "description": "Co-founded by Nobel Prize winner Carolyn Bertozzi, Firefly\u2019s venture funding is backed by Eli Lilly and Versant Ventures, among others, to support its novel platform for merging antibody-drug conjugates with protein degraders.",
            "tickers": [
                "lly"
            ]
        },
        {
            "id": "1313306942949126175",
            "title": "Firefly Bio Debuts With $94 Million Series A Financing",
            "url": "https://www.biospace.com/article/releases/firefly-bio-debuts-with-94-million-series-a-financing/?s=105",
            "site": "biospace.com",
            "time": 1707955200000,
            "favicon_url": "https://static.tickertick.com/website_icons/biospace.com.ico",
            "tags": [
                "lly"
            ],
            "description": "Firefly Bio emerged from stealth mode with a $94 million Series A financing co-led by founding investor Versant Ventures and by MPM BioImpact alongside Decheng Capital and with participation from Eli Lilly & Company.",
            "tickers": [
                "lly"
            ]
        },
        {
            "id": "-1635068752018204134",
            "title": "12:53p Barron's Eli Lilly Stock\u2019s Upside Prompts Morgan Stanley to Ask if It Can Reach $1 Trillion",
            "url": "https://www.marketwatch.com/articles/eli-lilly-stock-trillion-market-cap-903dea31?mod=mw_latestnews",
            "site": "marketwatch.com",
            "time": 1707933293000,
            "favicon_url": "https://static.tickertick.com/website_icons/marketwatch.com.ico",
            "tags": [
                "lly"
            ],
            "tickers": [
                "lly"
            ]
        },
        {
            "id": "4588489934023008797",
            "title": "Eli Lilly partner BioAge wins $170M to study Zepbound combo",
            "url": "https://seekingalpha.com/news/4066258-eli-lilly-partner-bioage-wins-170m-zepbound-combo-study",
            "site": "seekingalpha.com",
            "time": 1707847655000,
            "favicon_url": "https://static.tickertick.com/website_icons/seekingalpha.com.ico",
            "tags": [
                "lly"
            ],
            "tickers": [
                "lly"
            ]
        },
        {
            "id": "5389676420604844351",
            "title": "Here's why we would be considering buying more Eli Lilly shares if they were down Tuesday",
            "url": "https://www.cnbc.com/2024/02/13/why-we-would-be-considering-buying-more-eli-lilly-shares-if-they-were-down.html",
            "site": "cnbc.com",
            "time": 1707844555000,
            "favicon_url": "https://static.tickertick.com/website_icons/cnbc.com.ico",
            "tags": [
                "lly"
            ],
            "description": "The Investing Club holds its \"Morning Meeting\" every weekday at 10:20 a.m. ET.",
            "tickers": [
                "lly"
            ]
        },
        {
            "id": "1939476298651932528",
            "title": "BioAge Raises $170M in Series D for Obesity Drug Trial with Lilly\u2019s Zepbound",
            "url": "https://www.biospace.com/article/bioage-raises-170m-in-series-d-for-obesity-drug-trial-with-lilly-s-zepbound-/?s=80",
            "site": "biospace.com",
            "time": 1707782400000,
            "favicon_url": "https://static.tickertick.com/website_icons/biospace.com.ico",
            "tags": [
                "lly"
            ],
            "similar_stories": [
                "-7483664721204906324"
            ],
            "description": "The startup will use the money to fund a Phase II trial in combination with Eli Lilly\u2019s Zepbound in the hopes of increased weight loss results, while attempting to protect body composition from muscle wasting.",
            "tickers": [
                "lly"
            ]
        },
        {
            "id": "5180664282693888355",
            "title": "Palo Alto, Eli Lilly and Eaton are up big. Here are entry prices for new investors",
            "url": "https://www.cnbc.com/2024/02/11/palo-alto-eli-lilly-and-eaton-are-up-big-here-are-some-entry-prices.html",
            "site": "cnbc.com",
            "time": 1707667260000,
            "favicon_url": "https://static.tickertick.com/website_icons/cnbc.com.ico",
            "tags": [
                "lly"
            ],
            "description": "All three of these stocks are worth owning. But how do you start a position when they are rallying?",
            "tickers": [
                "lly"
            ]
        },
        {
            "id": "6144351693650682939",
            "title": "Sitting on gains in Eli Lilly, Nvidia? Ask these questions before your next move",
            "url": "https://www.cnbc.com/2024/02/09/profits-in-eli-lilly-nvidia-ask-these-questions-before-your-next-move.html",
            "site": "cnbc.com",
            "time": 1707498187000,
            "favicon_url": "https://static.tickertick.com/website_icons/cnbc.com.ico",
            "tags": [
                "lly"
            ],
            "description": "After standout 2023 performances, Eli Lilly and Nvidia are red hot to start 2024, leaving shareholders with a high-class problem: What to do with a winner?",
            "tickers": [
                "lly"
            ]
        },
        {
            "id": "-6969637118064243591",
            "title": "Philip Johnson to Retire as Lilly Treasurer",
            "url": "https://www.biospace.com/article/releases/philip-johnson-to-retire-as-lilly-treasurer/?s=82",
            "site": "biospace.com",
            "time": 1707436800000,
            "favicon_url": "https://static.tickertick.com/website_icons/biospace.com.ico",
            "tags": [
                "lly"
            ],
            "description": "Eli Lilly and Company announced that after more than 28 years, Philip Johnson, group vice president and treasurer, will retire from the company at the end of February to pursue a new professional opportunity.",
            "tickers": [
                "lly"
            ]
        },
        {
            "id": "7163629884619105629",
            "title": "Viking Therapeutics may offer investors a cheap entry to the weight-loss drug craze",
            "url": "https://www.marketwatch.com/story/viking-therapeutics-may-offer-investors-a-cheap-entry-to-the-weight-loss-drug-craze-8d5d623a?mod=mw_rss_topstories",
            "site": "marketwatch.com",
            "time": 1707419880000,
            "favicon_url": "https://static.tickertick.com/website_icons/marketwatch.com.ico",
            "tags": [
                "lly"
            ],
            "description": "Stock is trading at $28 compared with Eli Lilly\u2019s $739 price tag. That could change if a trial of a pill version of its GLP-1 drug proves effective.",
            "tickers": [
                "lly"
            ]
        },
        {
            "id": "-5760293462306377780",
            "title": "Foghorn says Eli Lilly picked lung cancer candidate for further studies",
            "url": "https://seekingalpha.com/news/4064506-foghorn-stock-gains-eli-lilly-picks-lung-cancer-drug",
            "site": "seekingalpha.com",
            "time": 1707396067000,
            "favicon_url": "https://static.tickertick.com/website_icons/seekingalpha.com.ico",
            "tags": [
                "lly"
            ],
            "tickers": [
                "lly"
            ]
        },
        {
            "id": "-2834160396034493961",
            "title": "Disney, Uber, Eli Lilly, PayPal, Alibaba, and More Stocks to Watch This Week",
            "url": "https://www.marketwatch.com/articles/stocks-to-watch-disney-uber-eli-lilly-paypal-alibaba-ford-2cbab039?mod=mw_quote_news",
            "site": "marketwatch.com",
            "time": 1707364139000,
            "favicon_url": "https://static.tickertick.com/website_icons/marketwatch.com.ico",
            "tags": [
                "lly"
            ],
            "tickers": [
                "lly"
            ]
        },
        {
            "id": "5578365314479143541",
            "title": "Jim Cramer says recent moves in Apple, Chipotle and Eli Lilly shares don't make sense",
            "url": "https://www.cnbc.com/2024/02/07/cramer-moves-in-apple-chipotle-and-eli-lilly-shares-dont-make-sense.html",
            "site": "cnbc.com",
            "time": 1707350515000,
            "favicon_url": "https://static.tickertick.com/website_icons/cnbc.com.ico",
            "tags": [
                "lly"
            ],
            "description": "\"When you see some action that doesn't make sense, keep in mind that authentic stupidity is a perfectly plausible explanation,\" CNBC's Jim Cramer said.",
            "tickers": [
                "lly"
            ]
        },
        {
            "id": "1880753861103975313",
            "title": "Foghorn Provides Pipeline Update on FHD-909 BRM Selective Inhibitor",
            "url": "https://www.biospace.com/article/releases/foghorn-provides-pipeline-update-on-fhd-909-brm-selective-inhibitor/?s=107",
            "site": "biospace.com",
            "time": 1707350400000,
            "favicon_url": "https://static.tickertick.com/website_icons/biospace.com.ico",
            "tags": [
                "lly"
            ],
            "description": "Foghorn \u00ae Therapeutics Inc. today announced that Lilly has selected FHD-909, a first-in-class oral BRM selective inhibitor, for clinical development. Lilly plans to file an IND for FHD-909 in Q2 2024.",
            "tickers": [
                "lly"
            ]
        },
        {
            "id": "4648425892078904109",
            "title": "EU drug regulators to assess potential impact of Catalent-Novo merger | $NVO $LLY $CTLT",
            "url": "https://seekingalpha.com/news/4064289-eu-drug-regulators-to-assess-potential-impact-of-catalent-novo-merger",
            "site": "seekingalpha.com",
            "time": 1707345829000,
            "favicon_url": "https://static.tickertick.com/website_icons/seekingalpha.com.ico",
            "tags": [
                "lly"
            ],
            "tickers": [
                "lly"
            ]
        },
        {
            "id": "4736491709838635935",
            "title": "Wall Street gives 2 of our healthcare stocks well-deserved price target bumps",
            "url": "https://www.cnbc.com/2024/02/07/wall-street-gives-eli-lilly-ge-healthcare-well-deserved-price-target-bumps.html",
            "site": "cnbc.com",
            "time": 1707339805000,
            "favicon_url": "https://static.tickertick.com/website_icons/cnbc.com.ico",
            "tags": [
                "lly"
            ],
            "description": "A slew of research analysts boosted their price targets on the stocks of GE Healthcare and Eli Lilly after Tuesday's earnings.",
            "tickers": [
                "lly"
            ]
        },
        {
            "id": "-9119431135062078909",
            "title": "Amgen cut at Leerink on heavy obesity expectations | $AMGN $NVO $LLY $NONOF",
            "url": "https://seekingalpha.com/news/4063851-amgen-stock-cut-leerink-obesity-prospects",
            "site": "seekingalpha.com",
            "time": 1707316440000,
            "favicon_url": "https://static.tickertick.com/website_icons/seekingalpha.com.ico",
            "tags": [
                "lly"
            ],
            "tickers": [
                "lly"
            ]
        },
        {
            "id": "-7953857410505816989",
            "title": "Wednesday analyst calls: JPMorgan downgrades New York Community Bancorp, Eli Lilly gets big boost",
            "url": "https://www.cnbc.com/2024/02/07/analyst-calls-nycb-sees-price-target-cut-eli-lilly-gets-a-major-boost.html",
            "site": "cnbc.com",
            "time": 1707305400000,
            "favicon_url": "https://static.tickertick.com/website_icons/cnbc.com.ico",
            "tags": [
                "lly"
            ],
            "description": "Troubled regional bank New York Community Bank faced a downgrade from JPMorgan, while Pharma giant Eli Lilly was the beneficiary of a huge bump.",
            "tickers": [
                "lly"
            ]
        },
        {
            "id": "-195679396660487689",
            "title": "Eli Lilly Agrees To Donate Insulin To Clinics Across Minnesota In Lawsuit Settlement",
            "url": "https://www.forbes.com/sites/caileygleeson/2024/02/07/eli-lilly-agrees-to-donate-insulin-to-clinics-across-minnesota-in-lawsuit-settlement/",
            "site": "forbes.com",
            "time": 1707264000000,
            "favicon_url": "https://static.tickertick.com/website_icons/forbes.com.ico",
            "tags": [
                "lly"
            ],
            "tickers": [
                "lly"
            ]
        },
        {
            "id": "6335127201652354992",
            "title": "Lilly to Boost Manufacturing Capacity to Support Weight-Loss Pill Candidate",
            "url": "https://www.biospace.com/article/lilly-to-boost-manufacturing-capacity-to-support-weight-loss-pill/?s=95",
            "site": "biospace.com",
            "time": 1707264000000,
            "favicon_url": "https://static.tickertick.com/website_icons/biospace.com.ico",
            "tags": [
                "lly"
            ],
            "description": "Eli Lilly on Tuesday said it is already making manufacturing investments for orforglipron, its next-generation oral weight-loss candidate that recently moved into Phase III development.",
            "tickers": [
                "lly"
            ]
        },
        {
            "id": "8796708765913944307",
            "title": "Weight-loss drug companies are scrambling to make more",
            "url": "https://www.axios.com/2024/02/06/weight-loss-drugs-eli-lilly-novo-nordisk",
            "site": "axios.com",
            "time": 1707259257000,
            "favicon_url": "https://static.tickertick.com/website_icons/axios.com.ico",
            "tags": [
                "lly"
            ],
            "description": "Shortages of weight-loss drugs are driving pharmaceutical companies to scramble to shore up supplies.Why it matters: Booming demand for anti-obesity drugs, known as GLP-1s, has led to a windfall of revenue for pharma giants like Novo Nordisk and Eli Lilly.Driving the news: Novo Nordisk parent company Novo Holdings on Monday announced a two-part deal valued at $16.5 billion to buy drug manufacturer Catalent.The deal will result in Novo Nordisk acquiring Catalent drug-making sites in Italy, Belgium and the U.S., intended to increase manufacturing capacity for its Wegovy and Ozempic drugs.Meanwhile, Lilly reported Tuesday that it's pressing ahead with its \"manufacturing expansion agenda.\"The impact: Lilly, which sells Mounjaro and Zepbound, reported a 39% increase in U.S. fourth-quarter revenue from a year earlier, to $6.46 billion.27 percentage points of that jump was due to price increases, while 12 points were due to volume increases. Mounjaro drove the higher prices, Lilly said.Yes, but: Drug manufacturing takes years to ramp up \u2014 and this is no exception.Novo Nordisk said it doesn't expect the Catalent deal to increase its production capacity until 2026.And despite its manufacturing expansion, Lilly said it still expects demand for GLP-1 drugs to \"outpace supply\" this year.What they're saying: \"These are technically complex facilities,\" Lilly CEO David Ricks said today on an earnings call.\"There's not an infinite number of people who know how to set them up. And the supply chain for the machines that make the products is also constrained. So at this point, I don't think there's an easy way forward.\"The bottom line: Shortages will continue.\"I know it's frustrating for investors, it's frustrating for us. It's even more frustrating for patients,\" Ricks said. Shortages of weight-loss drugs are driving pharmaceutical companies to scramble to shore up supplies.Why it matters: Booming demand for anti-obesity drugs, known as GLP-1s, has led to a windfall of revenue for pharma giants like Novo Nordisk and Eli Lilly.Driving the news: Novo Nordisk parent company Novo Holdings on Monday announced a two-part deal valued at $16.5 billion to buy drug manufacturer Catalent.The deal will result in Novo Nordisk acquiring Catalent drug-making sites in Italy, Belgium and the U.S., intended to increase manufacturing capacity for its Wegovy and Ozempic drugs.Meanwhile, Lilly reported Tuesday that it's pressing ahead with its \"manufacturing expansion agenda.\"The impact: Lilly, which sells Mounjaro and Zepbound, reported a 39% increase in U.S. fourth-quarter revenue from a year earlier, to $6.46 billion.27 percentage points of that jump was due to price increases, while 12 points were due to volume increases. Mounjaro drove the higher prices, Lilly said.Yes, but: Drug manufacturing takes years to ramp up \u2014 and this is no exception.Novo Nordisk said it doesn't expect the Catalent deal to increase its production capacity until 2026.And despite its manufacturing expansion, Lilly said it still expects demand for GLP-1 drugs to \"outpace supply\" this year.What they're saying: \"These are technically complex facilities,\" Lilly CEO David Ricks said today on an earnings call.\"There's not an infinite number of people who know how to set them up. And the supply chain for the machines that make the products is also constrained. So at this point, I don't think there's an easy way forward.\"The bottom line: Shortages will continue.\"I know it's frustrating for investors, it's frustrating for us. It's even more frustrating for patients,\" Ricks said.",
            "tickers": [
                "lly"
            ]
        },
        {
            "id": "-5252072629971133360",
            "title": "Catalent ticks lower amid report Indiana plant may have quality issues | $CTLT $LLY",
            "url": "https://seekingalpha.com/news/4063443-catalent-ticks-lower-amid-report-indiana-plant-may-have-quality-issues",
            "site": "seekingalpha.com",
            "time": 1707254184000,
            "favicon_url": "https://static.tickertick.com/website_icons/seekingalpha.com.ico",
            "tags": [
                "lly"
            ],
            "tickers": [
                "lly"
            ]
        },
        {
            "id": "-7236513133950944561",
            "title": "We're raising our price target on Eli Lilly by $120 after its excellent quarter",
            "url": "https://www.cnbc.com/2024/02/06/were-not-joining-the-sellers-of-eli-lilly-after-its-earnings-results.html",
            "site": "cnbc.com",
            "time": 1707247771000,
            "favicon_url": "https://static.tickertick.com/website_icons/cnbc.com.ico",
            "tags": [
                "lly"
            ],
            "similar_stories": [
                "-168053754752525977",
                "5053388721196465647"
            ],
            "description": "It's not a surprise to see traders taking profits in Eli Lilly on Tuesday. But we have no intention of joining them.",
            "tickers": [
                "lly"
            ]
        },
        {
            "id": "-1523362915035468325",
            "title": "Healthy Returns: Novo Nordisk, Eli Lilly are tackling weight loss drug supply woes",
            "url": "https://www.cnbc.com/2024/02/06/healthy-returns-novo-nordisk-eli-lilly-tackle-weight-loss-drug-supply-woes.html",
            "site": "cnbc.com",
            "time": 1707246888000,
            "favicon_url": "https://static.tickertick.com/website_icons/cnbc.com.ico",
            "tags": [
                "lly"
            ],
            "similar_stories": [
                "-2260020846682965227",
                "31266756999786495"
            ],
            "description": "Novo Nordisk and Eli Lilly are working to increase supply of their popular weight loss drugs. Meanwhile, the implantable neurotechnology field is heating up.",
            "tickers": [
                "lly"
            ]
        },
        {
            "id": "3601150799245071972",
            "title": "Weight-Loss Drugs Buoy Eli Lilly's Q4 Earnings and 2024 Outlook",
            "url": "https://www.investopedia.com/weight-loss-drugs-buoy-eli-lilly-q4-earnings-and-2024-outlook-8559472?utm_campaign=rss_headlines&utm_source=rss&utm_medium=referral",
            "site": "investopedia.com",
            "time": 1707244778000,
            "favicon_url": "https://static.tickertick.com/website_icons/investopedia.com.ico",
            "tags": [
                "lly"
            ],
            "description": "Eli Lilly reported strong fourth-quarter earnings driven by demand for weight-loss drugs, and said sales could rise more than 20% in 2024.",
            "tickers": [
                "lly"
            ]
        },
        {
            "id": "1158189710348168831",
            "title": "Lilly reportedly worried about impact of Catalent/Novo deal",
            "url": "https://seekingalpha.com/news/4063363-lilly-reportedly-worried-about-impact-of-catalent-novo-deal",
            "site": "seekingalpha.com",
            "time": 1707243829000,
            "favicon_url": "https://static.tickertick.com/website_icons/seekingalpha.com.ico",
            "tags": [
                "lly"
            ],
            "tickers": [
                "lly"
            ]
        },
        {
            "id": "644607516981320491",
            "title": "Eli Lilly hurts NASH drug developers after mid-stage win for obesity therapy",
            "url": "https://seekingalpha.com/news/4063338-nash-drug-developers-drop-trial-win-lilly-drug",
            "site": "seekingalpha.com",
            "time": 1707242290000,
            "favicon_url": "https://static.tickertick.com/website_icons/seekingalpha.com.ico",
            "tags": [
                "lly"
            ],
            "similar_stories": [
                "-5560049289834717608"
            ],
            "tickers": [
                "lly"
            ]
        },
        {
            "id": "-2574630159472526188",
            "title": "Eli Lilly says weight loss drug shows promise as treatment for fatty liver disease",
            "url": "https://www.cnbc.com/2024/02/06/eli-lilly-weight-loss-drug-may-treat-fatty-liver-disease.html",
            "site": "cnbc.com",
            "time": 1707239160000,
            "favicon_url": "https://static.tickertick.com/website_icons/cnbc.com.ico",
            "tags": [
                "lly"
            ],
            "similar_stories": [
                "6263310213735864697"
            ],
            "description": "The results add to a long list of potential health benefits of tirzepatide besides helping patients shed significant pounds and regulate blood sugar.",
            "tickers": [
                "lly"
            ]
        },
        {
            "id": "6877576325750595531",
            "title": "Eli Lilly rides the weight-loss-drug wave to a new record high and hits a $700 billion valuation",
            "url": "https://markets.businessinsider.com/news/stocks/eli-lilly-stock-price-q4-earnings-glp-drugs-700-billion-2024-2",
            "site": "businessinsider.com",
            "time": 1707237607000,
            "favicon_url": "https://static.tickertick.com/website_icons/businessinsider.com.ico",
            "tags": [
                "lly"
            ],
            "description": "\"We haven't scratched the surface in terms of how big the [GLP-1 weight loss] drugs are going to get,\" Mizuho strategist Jared Holz said. Eli Lilly is reaping the rewards of the weight loss drug craze.Sandy Huffaker for The Washington Post via Getty ImagesEli Lilly hit another record high on Tuesday and hit a $700 billion valuation for the first time ever.The surge came after the company reported fourth quarter earnings, which showed massive growth for its weight loss drugs.Here's what Wall Street is saying about Eli Lilly's earnings results.Eli Lilly stock hit a new record high on Tuesday, rising as much as 5% to $742 per share after the company reported better than expected fourth quarter earnings.The surge briefly catapulted Eli Lilly to a valuation of $703 billion, making it the eighth biggest company in the S&P 500, about $150 billion behind Berkshire Hathaway and $120 billion ahead of Tesla.Eli Lilly stock has since given up all of those gains and is down about 0.5% during the Tuesday trading session.But Eli Lilly has soared more than 100% over the past year thanks to its fast-growing GLP-1 drug, which helps spur considerable weight loss in patients.The drug, tirzepatide, is approved for patients suffering from type 2 diabetes under the Mounjaro brand name and is approved for adults suffering from obesity under the Zepbound brand name.Here are the key results from Eli Lilly's fourth quarter earnings:Revenue: $9.35 billion, vs analyst estimates of $8.97 billionAdjusted EPS: $2.49, vs analyst estimates of $2.37Mounjaro sales: $2.2 billion, vs analyst estimates of $1.8 billionZepbound sales: $175.8 million, vs analyst estimates of $140.7 millionEli Lilly also offered 2024 revenue guidance of $40.4 billion to $41.6 billion, which was ahead of analyst estimates of $39.1 billion. Here's what Wall Street is saying about Eli Lilly's earnings results. JPMorgan: 'Solid quarter with Mounjaro upside'JPMorgan was impressed by Eli Lilly's results and noted that the company's update indicates more upside ahead.\"Overall, we see this update as a clear positive \u2013 the company's incretin franchise continues to trend ahead of our/Street expectations, and LLY is using this upside to ramp investment in its pipeline. While this will weigh on near-term EPS, LLY has one of the most innovative portfolios in the group, and we see these investments translating to significant longer-term growth,\" JPMorgan said in a note on Tuesday.JPMorgan also called Eli Lilly \"one of our favorite names as we see further upside to Street estimates as Mounjaro continues to ramp, Zepbound fully launches in 2024, and with donanemab potentially representing another growth opportunity in 2025+.\"Donanemab is Eli Lilly's drug candidate for the treatment of Alzheimer's. It is still navigating the regulatory pathway to FDA approval.JPMorgan rates Eli Lilly at \"Overweight\" with a $650 price target. Mizuho: 'We haven't scratched the surface in terms of how big the drugs are going to get.'Mizuho healthcare strategist Jared Holz told CNBC on Tuesday that Eli Lilly's earnings report reinforced just how strong their GLP-1 drug franchise is.\"This is a company that typically guides fairly conservatively, they came in ahead of the Street, I think that's a very good sign. I think the supply and demand imbalance [for GLP-1 drugs] favors the company,\" Holz said. Holz said Mounjaro and Zepbound still have a long growth runway because the drugs have yet to reach the people who need them most.\"I don't even think the [GLP-1] drugs are really in the majority of America yet. I think this is pretty much a metropolitan-area drug for the most part. New York, Miami, LA, Dallas are the four cities I've been talking about a lot, but middle America, I don't even think [it's] close,\" Holz said.To meet demand, Eli Lilly has earmarked $3 billion to build out its manufacturing capacity, which, combined with Novo Nordisk's manufacturing expansion for its competing GLP-1 drug, makes this \"the most substantial manufacturing or capacity buildout we've seen in the drug industry maybe ever,\" Holz said.Holz reiterated his view that Eli Lilly's GLP-1 drugs will become one of the best-selling drugs of all time.\"We haven't scratched the surface in terms of how big the drugs are going to get,\" Holz said. Read the original article on Business Insider",
            "tickers": [
                "lly"
            ]
        },
        {
            "id": "-2368855748530895140",
            "title": "Why Eli Lilly Deserves to Unseat Tesla Among the Magnificent Seven",
            "url": "https://www.wsj.com/articles/why-eli-lilly-deserves-to-unseat-tesla-among-the-magnificent-7-887eda7b?mod=rss_markets_main",
            "site": "wsj.com",
            "time": 1707236940000,
            "favicon_url": "https://static.tickertick.com/website_icons/wsj.com.ico",
            "tags": [
                "lly"
            ],
            "description": "The pharmaceutical company\u2019s market cap has surpassed Tesla\u2019s, thanks to the rapid growth of its GLP-1 business.",
            "tickers": [
                "lly"
            ]
        },
        {
            "id": "2636013679430034265",
            "title": "Why Eli Lilly Deserves to Unseat Tesla Among the Magnificent 7",
            "url": "https://www.wsj.com/articles/why-eli-lilly-deserves-to-unseat-tesla-among-the-magnificent-7-887eda7b",
            "site": "wsj.com",
            "time": 1707236940000,
            "favicon_url": "https://static.tickertick.com/website_icons/wsj.com.ico",
            "tags": [
                "lly"
            ],
            "similar_stories": [
                "-2368855748530895140"
            ],
            "description": "The pharmaceutical company\u2019s market cap has surpassed Tesla\u2019s, thanks to the rapid growth of its GLP-1 business.",
            "tickers": [
                "lly"
            ]
        },
        {
            "id": "-3952832954789834874",
            "title": "Eli Lilly sold $176 million of the weight loss drug Zepbound in just 4 weeks",
            "url": "https://qz.com/eli-lilly-zepbound-fourth-quarter-report-176-million-1851229714",
            "site": "qz.com",
            "time": 1707233100000,
            "favicon_url": "https://static.tickertick.com/website_icons/qz.com.ico",
            "tags": [
                "lly"
            ],
            "description": "Indianapolis-based pharmaceutical company Eli Lilly sold $176 million of its new weight-loss drug Zepbound in just under a month, according to the company\u2019s fourth-quarter earnings report released Tuesday (Feb.6). Zepbound, a GLP-1 weight loss drug similar to Ozempic and Wegovy (both made by Novo Nordisk), launched\u2026Read more...",
            "tickers": [
                "lly"
            ]
        },
        {
            "id": "-8670230450418926759",
            "title": "6 stocks to watch on Tuesday: Spotify, Eli Lilly, Chipotle, DocuSign and more | $LLY $AMGN $CMG $SPR $SPOT",
            "url": "https://seekingalpha.com/news/4063134-6-stocks-to-watch-on-tuesday-spotify-eli-lilly-chipotle-docusign-and-more",
            "site": "seekingalpha.com",
            "time": 1707228900000,
            "favicon_url": "https://static.tickertick.com/website_icons/seekingalpha.com.ico",
            "tags": [
                "lly"
            ],
            "tickers": [
                "lly"
            ]
        },
        {
            "id": "-3099721786058591082",
            "title": "Stocks making the biggest moves premarket: Spotify, Eli Lilly, Palantir, UBS and more",
            "url": "https://www.cnbc.com/2024/02/06/stocks-making-the-biggest-moves-premarket-spot-lly-pltr-ubs-and-more.html",
            "site": "cnbc.com",
            "time": 1707226993000,
            "favicon_url": "https://static.tickertick.com/website_icons/cnbc.com.ico",
            "tags": [
                "lly"
            ],
            "similar_stories": [
                "-701548028445597693",
                "6106292320739659188"
            ],
            "description": "These are the stocks posting the largest moves in premarket trading.",
            "tickers": [
                "lly"
            ]
        },
        {
            "id": "9207191891832899365",
            "title": "Zepbound Maker Eli Lilly Forecasts Strong Profits Amid Rollout Of Weight Loss Drug",
            "url": "https://www.forbes.com/sites/roberthart/2024/02/06/zepbound-maker-eli-lilly-forecasts-strong-profits-amid-rollout-of-weight-loss-drug/",
            "site": "forbes.com",
            "time": 1707226337000,
            "favicon_url": "https://static.tickertick.com/website_icons/forbes.com.ico",
            "tags": [
                "lly"
            ],
            "similar_stories": [
                "4505123206146920020",
                "5557775437422671567",
                "6508580560481203912",
                "8796708765913944307",
                "3601150799245071972",
                "-3952832954789834874",
                "-5101932111666229369"
            ],
            "description": "Zepbound, which contains the active ingredient tirzepatide, is expected to become one of the best selling drugs of all time. Zepbound, which contains the active ingredient tirzepatide, is expected to become one of the best selling drugs of all time.",
            "tickers": [
                "lly"
            ]
        },
        {
            "id": "7591263770635386906",
            "title": "Eli Lilly axes next-generation, resistance-busting RET inhibitor",
            "url": "https://www.fiercebiotech.com/biotech/eli-lilly-axes-next-generation-resistance-busting-ret-inhibitor",
            "site": "fiercebiotech.com",
            "time": 1707223339000,
            "favicon_url": "https://static.tickertick.com/website_icons/fiercebiotech.com.ico",
            "tags": [
                "lly"
            ],
            "description": "Eli Lilly axes next-generation, resistance-busting RET inhibitor ntaylor Tue, 02/06/2024 - 07:42",
            "tickers": [
                "lly"
            ]
        },
        {
            "id": "-9152861614915598572",
            "title": "Eli Lilly in charts: Verzenio and Mounjaro drive revenue growth, while Humalog and Trulicity decline",
            "url": "https://seekingalpha.com/news/4063035-eli-lilly-in-charts",
            "site": "seekingalpha.com",
            "time": 1707222498000,
            "favicon_url": "https://static.tickertick.com/website_icons/seekingalpha.com.ico",
            "tags": [
                "lly"
            ],
            "tickers": [
                "lly"
            ]
        },
        {
            "id": "8366936493711301719",
            "title": "Eli Lilly beats in Q4 as obesity drug sales blow past estimates",
            "url": "https://seekingalpha.com/news/4063037-eli-lilly-stock-gains-q4-beats-obesity-drugs",
            "site": "seekingalpha.com",
            "time": 1707222347000,
            "favicon_url": "https://static.tickertick.com/website_icons/seekingalpha.com.ico",
            "tags": [
                "lly"
            ],
            "tickers": [
                "lly"
            ]
        },
        {
            "id": "-4065188891395641281",
            "title": "Eli Lilly rallies toward a fifth straight record close after earnings beat",
            "url": "https://www.marketwatch.com/bulletins/redirect/go?g=062f0928-9e46-445c-836b-2c5c3237c830&mod=mw_rss_bulletins",
            "site": "marketwatch.com",
            "time": 1707221097000,
            "favicon_url": "https://static.tickertick.com/website_icons/marketwatch.com.ico",
            "tags": [
                "lly"
            ],
            "tickers": [
                "lly"
            ]
        },
        {
            "id": "3393205196922886996",
            "title": "Eli Lilly\u2019s stock surges toward a 5th straight record after an earnings beat and upbeat outlook",
            "url": "https://www.marketwatch.com/story/eli-lillys-stock-surges-toward-a-5th-straight-record-after-an-earnings-beat-and-upbeat-outlook-5a298405?mod=mw_rss_marketpulse",
            "site": "marketwatch.com",
            "time": 1707220980000,
            "favicon_url": "https://static.tickertick.com/website_icons/marketwatch.com.ico",
            "tags": [
                "lly"
            ],
            "tickers": [
                "lly"
            ]
        },
        {
            "id": "-206898713550591931",
            "title": "Eli Lilly beats top-line and bottom-line estimates; initiates FY24 outlook",
            "url": "https://seekingalpha.com/news/4063010-eli-lilly-beats-top-line-and-bottom-line-estimates-initiates-fy24-outlook",
            "site": "seekingalpha.com",
            "time": 1707220067000,
            "favicon_url": "https://static.tickertick.com/website_icons/seekingalpha.com.ico",
            "tags": [
                "lly"
            ],
            "tickers": [
                "lly"
            ]
        },
        {
            "id": "-701548028445597693",
            "title": "These Stocks Are Moving the Most Today: Palantir, BP, Eli Lilly, FMC, Coherent, Chegg, Spotify, and More",
            "url": "https://www.barrons.com/articles/stock-market-movers-8f3f3481?siteid=yhoof2&yptr=yahoo",
            "site": "barrons.com",
            "time": 1707217080000,
            "favicon_url": "https://static.tickertick.com/website_icons/barrons.com.ico",
            "tags": [
                "lly"
            ],
            "tickers": [
                "lly"
            ]
        },
        {
            "id": "-7324803534790148598",
            "title": "Lilly Reports Strong Fourth-Quarter 2023 Financial Results and Provides 2024 Guidance",
            "url": "https://www.biospace.com/article/releases/lilly-reports-strong-fourth-quarter-2023-financial-results-and-provides-2024-guidance/?s=80",
            "site": "biospace.com",
            "time": 1707177600000,
            "favicon_url": "https://static.tickertick.com/website_icons/biospace.com.ico",
            "tags": [
                "lly"
            ],
            "description": "Eli Lilly and Company announced its financial results for the fourth quarter of 2023.",
            "tickers": [
                "lly"
            ]
        },
        {
            "id": "-830591195559942321",
            "title": "Lilly Beats Q4 Revenue Estimate Fueled by Strong Zepbound, Mounjaro Sales",
            "url": "https://www.biospace.com/article/lilly-beats-q4-revenue-estimate-fueled-by-strong-zepbound-mounjaro-sales-/?s=72",
            "site": "biospace.com",
            "time": 1707177600000,
            "favicon_url": "https://static.tickertick.com/website_icons/biospace.com.ico",
            "tags": [
                "lly"
            ],
            "description": "Eli Lilly on Tuesday reported more than $9.3 billion in revenue in the fourth quarter of 2023, beating Wall Street expectations, thanks to demand for its weight-loss drug Zepbound and diabetes treatment Mounjaro.",
            "tickers": [
                "lly"
            ]
        },
        {
            "id": "6106292320739659188",
            "title": "Palantir, BP, Eli Lilly, Coherent, Chegg, Spotify, and More Stock Market Movers",
            "url": "https://www.barrons.com/articles/stock-market-movers-8f3f3481",
            "site": "barrons.com",
            "time": 1707173655000,
            "favicon_url": "https://static.tickertick.com/website_icons/barrons.com.ico",
            "tags": [
                "lly"
            ],
            "tickers": [
                "lly"
            ]
        },
        {
            "id": "5007927492839953326",
            "title": "Eli Lilly\u2019s Obesity Drug Will Be the Focus of Earnings",
            "url": "https://www.barrons.com/articles/eli-lilly-earnings-stock-price-f22cac01?siteid=yhoof2&yptr=yahoo",
            "site": "barrons.com",
            "time": 1707170400000,
            "favicon_url": "https://static.tickertick.com/website_icons/barrons.com.ico",
            "tags": [
                "lly"
            ],
            "tickers": [
                "lly"
            ]
        },
        {
            "id": "8254442748280476637",
            "title": "3:48p Barron's Liver Disease Biotechs Dive on Eli Lilly Data",
            "url": "https://www.marketwatch.com/articles/eli-lilly-stock-mounjaro-liver-disease-mash-63d06fc1?mod=mw_latestnews",
            "site": "marketwatch.com",
            "time": 1707166236000,
            "favicon_url": "https://static.tickertick.com/website_icons/marketwatch.com.ico",
            "tags": [
                "lly"
            ],
            "tickers": [
                "lly"
            ]
        },
        {
            "id": "-3289337387040029912",
            "title": "Users of Zepbound or Mounjaro Had Lower Blood Pressure in Study",
            "url": "https://www.nytimes.com/2024/02/05/health/zepbound-mounjaro-blood-pressure-tirzepatide.html",
            "site": "nytimes.com",
            "time": 1707149445000,
            "favicon_url": "https://static.tickertick.com/website_icons/nytimes.com.ico",
            "tags": [
                "lly"
            ],
            "description": "The patients used tirzepatide, sold as Mounjaro or Zepbound, but researchers could not distinguish the effect of the drug from the effects of weight loss. Tirzepatide, a drug by Eli Lilly, is sold as Zepbound to treat weight loss and as Mounjaro for diabetes.",
            "tickers": [
                "lly"
            ]
        },
        {
            "id": "-2816763637815933675",
            "title": "Is Meta now a value stock? - A case can be made that Meta is the best value among the \u201cMagnificent ...",
            "url": "https://www.marketwatch.com/story/is-meta-now-a-value-stock-008b7f80?.tsrc=rss",
            "site": "marketwatch.com",
            "time": 1707149340000,
            "favicon_url": "https://static.tickertick.com/website_icons/marketwatch.com.ico",
            "tags": [
                "lly"
            ],
            "description": "A case can be made that Meta is the best value among the \u201cMagnificent Seven\u201d stocks.",
            "tickers": [
                "lly"
            ]
        },
        {
            "id": "-5077575523661419870",
            "title": "5:20a Barron's Eli Lilly Earnings Boosted by Obesity Drug Sales.",
            "url": "https://www.marketwatch.com/articles/eli-lilly-earnings-stock-price-f22cac01?mod=mw_latestnews",
            "site": "marketwatch.com",
            "time": 1707128555000,
            "favicon_url": "https://static.tickertick.com/website_icons/marketwatch.com.ico",
            "tags": [
                "lly"
            ],
            "similar_stories": [
                "8366936493711301719",
                "5007927492839953326"
            ],
            "tickers": [
                "lly"
            ]
        },
        {
            "id": "5082077417251631934",
            "title": "Lilly, Zoetis, Abbott least shorted stocks in S&P 500 health sector in mid-Jan",
            "url": "https://seekingalpha.com/news/4061498-lilly-zoetis-abbott-least-shorted-stocks-in-health-sector-till-mid-jan",
            "site": "seekingalpha.com",
            "time": 1706811736000,
            "favicon_url": "https://static.tickertick.com/website_icons/seekingalpha.com.ico",
            "tags": [
                "lly"
            ],
            "tickers": [
                "lly"
            ]
        },
        {
            "id": "-359562701058231978",
            "title": "U.S. govt. sends opening bids for drugs selected for Medicare price negotiations | $JNJ $BMY $PFE $LLY $AMGN",
            "url": "https://seekingalpha.com/news/4061377-opening-bids-sent-drugs-picked-medicare-negotiations",
            "site": "seekingalpha.com",
            "time": 1706800419000,
            "favicon_url": "https://static.tickertick.com/website_icons/seekingalpha.com.ico",
            "tags": [
                "lly"
            ],
            "tickers": [
                "lly"
            ]
        },
        {
            "id": "-7823957160759037819",
            "title": "NeuroBo to begin Phase 1 testing of potential Wegovy rival | $NRBO $NVO $LLY",
            "url": "https://seekingalpha.com/news/4061296-neurobo-to-begin-phase-1-testing-of-potential-wegovy-rival",
            "site": "seekingalpha.com",
            "time": 1706798298000,
            "favicon_url": "https://static.tickertick.com/website_icons/seekingalpha.com.ico",
            "tags": [
                "lly"
            ],
            "tickers": [
                "lly"
            ]
        },
        {
            "id": "-8295866887085014549",
            "title": "Lilly, Novo could be first trillion-dollar health stocks: world's largest sovereign wealth fund",
            "url": "https://seekingalpha.com/news/4060795-lilly-novo-first-trillion-dollar-health-stocks",
            "site": "seekingalpha.com",
            "time": 1706722377000,
            "favicon_url": "https://static.tickertick.com/website_icons/seekingalpha.com.ico",
            "tags": [
                "lly"
            ],
            "tickers": [
                "lly"
            ]
        },
        {
            "id": "3076502903592942581",
            "title": "Norway's giant wealth fund touts possibility of Novo Nordisk, Eli Lilly joining the trillion-dollar club",
            "url": "https://www.cnbc.com/2024/01/31/norway-wealth-fund-says-novo-eli-lilly-may-join-trillion-dollar-club.html",
            "site": "cnbc.com",
            "time": 1706701572000,
            "favicon_url": "https://static.tickertick.com/website_icons/cnbc.com.ico",
            "tags": [
                "lly"
            ],
            "description": "Norway's giant wealth fund says Novo Nordisk and Eli Lilly could be on course to become the first health care companies to join the trillion-dollar club.",
            "tickers": [
                "lly"
            ]
        },
        {
            "id": "-78150096147927214",
            "title": "Eli Lilly wins Canada approval for severe hair loss therapy",
            "url": "https://seekingalpha.com/news/4060020-eli-lilly-wins-canada-approval-for-severe-hair-loss-therapy",
            "site": "seekingalpha.com",
            "time": 1706623178000,
            "favicon_url": "https://static.tickertick.com/website_icons/seekingalpha.com.ico",
            "tags": [
                "lly"
            ],
            "tickers": [
                "lly"
            ]
        },
        {
            "id": "-5101932111666229369",
            "title": "Eli Lilly said to be in talks with Germany to win coverage for weight loss drugs",
            "url": "https://seekingalpha.com/news/4059549-eli-lilly-talks-win-german-coverage-obesity-drugs",
            "site": "seekingalpha.com",
            "time": 1706541611000,
            "favicon_url": "https://static.tickertick.com/website_icons/seekingalpha.com.ico",
            "tags": [
                "lly"
            ],
            "tickers": [
                "lly"
            ]
        },
        {
            "id": "4065507753791021999",
            "title": "Perspective gains as B. Riley sees over 100% upside on radiopharma prospects | $CATX $LNTH $LLY",
            "url": "https://seekingalpha.com/news/4059244-perspective-stock-gains-b-riley-starts-buy",
            "site": "seekingalpha.com",
            "time": 1706296539000,
            "favicon_url": "https://static.tickertick.com/website_icons/seekingalpha.com.ico",
            "tags": [
                "lly"
            ],
            "tickers": [
                "lly"
            ]
        },
        {
            "id": "8177749493008178887",
            "title": "How Eli Lilly plans to fix the supply snag for its blockbuster diabetes drug",
            "url": "https://www.cnbc.com/2024/01/26/how-eli-lilly-plans-to-fix-supply-snag-for-blockbuster-diabetes-drug.html",
            "site": "cnbc.com",
            "time": 1706266861000,
            "favicon_url": "https://static.tickertick.com/website_icons/cnbc.com.ico",
            "tags": [
                "lly"
            ],
            "description": "Eli Lilly has a dual-track approach to make more of its fast-growing diabetes and obesity drugs.",
            "tickers": [
                "lly"
            ]
        }
    ],
    "last_id": "8177749493008178887"
}