{
    "stories": [
        {
            "id": "4454963219100037849",
            "title": "Lilly weight loss drug outperforms Novo Nordisk\u2019s",
            "url": "https://www.marketwatch.com/bulletins/redirect/go?g=1ded2329-a5a5-44d0-b676-e013fe7d442f&mod=mw_rss_bulletins",
            "site": "marketwatch.com",
            "time": 1720525305000,
            "favicon_url": "https://static.tickertick.com/website_icons/marketwatch.com.ico",
            "tags": [
                "lly"
            ],
            "tickers": [
                "lly"
            ]
        },
        {
            "id": "899985676753293783",
            "title": "Novo Nordisk\u2019s stock slumps after study finds Wegovy lags Lilly\u2019s Mounjaro in speed and scale of weight loss",
            "url": "https://www.marketwatch.com/story/novo-nordisks-stock-slumps-after-study-finds-wegovy-lags-lillys-mounjaro-in-speed-and-scale-of-weight-loss-18c44c66?mod=mw_rss_topstories",
            "site": "marketwatch.com",
            "time": 1720524840000,
            "favicon_url": "https://static.tickertick.com/website_icons/marketwatch.com.ico",
            "tags": [
                "lly"
            ],
            "description": "The stock of Danish biotech Novo Nordisk was down 1.6% premarket Tuesday, after a study found that the company\u2019s obesity drug Wegovy lags its main rival, Eli Lilly & Co. Inc.\u2019s Mounjaro, in speed and magnitude of weight loss.",
            "tickers": [
                "lly"
            ]
        },
        {
            "id": "-5393128202599580226",
            "title": "Lilly\u2019s Mounjaro Helps Patients Lose More Weight Than Novo\u2019s Ozempic: Study",
            "url": "https://www.biospace.com/article/lilly-s-mounjaro-helps-patients-lose-more-weight-than-novo-s-ozempic-study/?s=89",
            "site": "biospace.com",
            "time": 1720483200000,
            "favicon_url": "https://static.tickertick.com/website_icons/biospace.com.ico",
            "tags": [
                "lly"
            ],
            "description": "Eli Lilly\u2019s Mounjaro outperformed Novo Nordisk\u2019s Ozempic at inducing weight loss in obese or overweight adults, according to an observational study published Monday in JAMA Internal Medicine.",
            "tickers": [
                "lly"
            ]
        },
        {
            "id": "-2179376857807157963",
            "title": "Companies besides tech can reach megacap status, Jim Cramer says",
            "url": "https://www.cnbc.com/2024/07/08/eli-lilly-megacap-jim-cramer.html",
            "site": "cnbc.com",
            "time": 1720478385000,
            "favicon_url": "https://static.tickertick.com/website_icons/cnbc.com.ico",
            "tags": [
                "lly"
            ],
            "description": "CNBC's Jim Cramer discusses how pharmaceutical giant Eli Lilly is successful, like Big Tech, through innovation.",
            "tickers": [
                "lly"
            ]
        },
        {
            "id": "8411961737956731331",
            "title": "Eli Lilly is acquiring a digestive disease drug maker for $3.2 billion",
            "url": "https://qz.com/eli-lilly-morphic-deal-1851580956",
            "site": "qz.com",
            "time": 1720454520000,
            "favicon_url": "https://static.tickertick.com/website_icons/qz.com.ico",
            "tags": [
                "lly"
            ],
            "description": "After surging weight loss drug sales have made it the largest pharmaceutical company in the world, Zepbound maker Eli Lilly has set its sights on tackling treatments for inflammatory bowel disease.Read more...",
            "tickers": [
                "lly"
            ]
        },
        {
            "id": "5568215346546666015",
            "title": "Zepbound Sheds More Weight Than Wegovy, Study Finds",
            "url": "https://www.forbes.com/sites/roberthart/2024/07/08/zepbound-sheds-more-weight-than-wegovy-study-finds/",
            "site": "forbes.com",
            "time": 1720450835000,
            "favicon_url": "https://static.tickertick.com/website_icons/forbes.com.ico",
            "tags": [
                "lly"
            ],
            "description": "Researchers said Lilly\u2019s Zepbound \u201cwas associated with significantly greater weight loss\u201d than Novo\u2019s Wegovy, adding that the study is the first to compare the two drugs\u2014marketed for diabetes as Mounjaro and Ozempic\u2014in obese and overweight adults. Researchers said Lilly\u2019s Zepbound \u201cwas associated with significantly greater weight loss\u201d than Novo\u2019s Wegovy, adding that the study is the first to compare the two drugs\u2014marketed for diabetes as Mounjaro and Ozempic\u2014in obese and overweight adults.",
            "tickers": [
                "lly"
            ]
        },
        {
            "id": "5680408214211178362",
            "title": "Eli Lilly Buys Morphic for $3.2B",
            "url": "https://www.investopedia.com/eli-lilly-buys-morphic-for-usd3-2b-8674489",
            "site": "investopedia.com",
            "time": 1720446243000,
            "favicon_url": "https://static.tickertick.com/website_icons/investopedia.com.ico",
            "tags": [
                "lly"
            ],
            "description": "Getty Images Key TakeawaysEli Lilly said it would buy Morphic for roughly $3.2 billion or $57 per share, a nearly 80% premium to Friday's closing price.Morphic is developing a treatment for inflammatory bowel disease.The deal is expected to close in the third quarter of 2024. Eli Lilly (LLY) agreed to buy biopharmaceutical firm Morphic (MORF) at a significant premium, sending shares of Morphic skyrocketing Monday.Eli Lilly said it will pay roughly $3.2 billion for the acquisition, or $57 per share, nearly 80% higher than Morphic\u2019s closing price on Friday. Shares of Morphic surged over 75% in early trading Monday. Eli Lilly shares were little changed. Eli Lilly To Gain Morphic Drugs in DevelopmentMorphic\u2019s flagship drug in development for inflammatory bowel disease is known as MORF-057. The treatment is currently involved in a Phase 2 study for treatment of ulcerative colitis and Crohn's disease. The Waltham, Mass.-based company is also developing molecules intended to treat autoimmune diseases, pulmonary hypertensive diseases, fibrotic diseases, and cancer.\"Oral therapies could open up new possibilities for earlier intervention in diseases like ulcerative colitis, and also provide the potential for combination therapy to help patients with more severe disease,\" Eli Lilly Chief Scientific Officer Daniel Skovronsky said in a statement. The transaction has been approved by the boards of both companies. It is expected to close in the third quarter of 2024. Read the original article on Investopedia. Getty Images Key TakeawaysEli Lilly said it would buy Morphic for roughly $3.2 billion or $57 per share, a nearly 80% premium to Friday's closing price.Morphic is developing a treatment for inflammatory bowel disease.The deal is expected to close in the third quarter of 2024. Eli Lilly (LLY) agreed to buy biopharmaceutical firm Morphic (MORF) at a significant premium, sending shares of Morphic skyrocketing Monday.Eli Lilly said it will pay roughly $3.2 billion for the acquisition, or $57 per share, nearly 80% higher than Morphic\u2019s closing price on Friday. Shares of Morphic surged over 75% in early trading Monday. Eli Lilly shares were little changed. Eli Lilly To Gain Morphic Drugs in DevelopmentMorphic\u2019s flagship drug in development for inflammatory bowel disease is known as MORF-057. The treatment is currently involved in a Phase 2 study for treatment of ulcerative colitis and Crohn's disease. The Waltham, Mass.-based company is also developing molecules intended to treat autoimmune diseases, pulmonary hypertensive diseases, fibrotic diseases, and cancer.\"Oral therapies could open up new possibilities for earlier intervention in diseases like ulcerative colitis, and also provide the potential for combination therapy to help patients with more severe disease,\" Eli Lilly Chief Scientific Officer Daniel Skovronsky said in a statement. The transaction has been approved by the boards of both companies. It is expected to close in the third quarter of 2024. Read the original article on Investopedia.",
            "tickers": [
                "lly"
            ]
        },
        {
            "id": "-7311398280523710415",
            "title": "Eli Lilly to pay $3.2 billion in cash to buy this biotech with an IBD treatment",
            "url": "https://www.marketwatch.com/story/morphics-stock-rockets-after-3-2-billion-buyout-deal-with-eli-lilly-4cda9ccd?mod=mw_rss_topstories",
            "site": "marketwatch.com",
            "time": 1720439280000,
            "favicon_url": "https://static.tickertick.com/website_icons/marketwatch.com.ico",
            "tags": [
                "lly"
            ],
            "description": "Morphic\u2019s stock rocketed Monday, after the biopharmaceutical company announced an agreement to be acquired by Eli Lilly in a cash deal valued at about $3.2 billion.",
            "tickers": [
                "lly"
            ]
        },
        {
            "id": "-1714415542901832340",
            "title": "Eli Lilly to acquire Morphic for $57 a share in cash",
            "url": "https://seekingalpha.com/news/4122514-eli-lilly-to-acquire-morphic-for-57-a-share-in-cash",
            "site": "seekingalpha.com",
            "time": 1720436708000,
            "favicon_url": "https://static.tickertick.com/website_icons/seekingalpha.com.ico",
            "tags": [
                "lly"
            ],
            "tickers": [
                "lly"
            ]
        },
        {
            "id": "-281429046586034383",
            "title": "Morphic\u2019s stock rockets after $3.2 billion buyout deal with Eli Lilly",
            "url": "https://www.marketwatch.com/story/morphics-stock-rockets-after-3-2-billion-buyout-deal-with-eli-lilly-4cda9ccd?mod=mw_rss_marketpulse",
            "site": "marketwatch.com",
            "time": 1720436160000,
            "favicon_url": "https://static.tickertick.com/website_icons/marketwatch.com.ico",
            "tags": [
                "lly"
            ],
            "tickers": [
                "lly"
            ]
        },
        {
            "id": "-8953607733170670999",
            "title": "Myricx Bio Raises $115M in Series A to Advance ADC With Lilly and Novo Backing",
            "url": "https://www.biospace.com/article/myricx-bio-raises-115m-in-series-a-to-advance-adc-with-lilly-and-novo-backing/?s=80",
            "site": "biospace.com",
            "time": 1720396800000,
            "favicon_url": "https://static.tickertick.com/website_icons/biospace.com.ico",
            "tags": [
                "lly"
            ],
            "description": "The U.K.-based biotech is the latest to cash in on the hot antibody-drug conjugate space, closing a $115.5 million Series A round co-led by Novo Holdings and with participation from Eli Lilly.",
            "tickers": [
                "lly"
            ]
        },
        {
            "id": "-4490061763355667767",
            "title": "Lilly to Acquire Morphic to Improve Outcomes for Patients with Inflammatory Bowel Disease",
            "url": "https://www.biospace.com/article/releases/lilly-to-acquire-morphic-to-improve-outcomes-for-patients-with-inflammatory-bowel-disease/?s=95",
            "site": "biospace.com",
            "time": 1720396800000,
            "favicon_url": "https://static.tickertick.com/website_icons/biospace.com.ico",
            "tags": [
                "lly"
            ],
            "similar_stories": [
                "6302615522095855403"
            ],
            "description": "Eli Lilly and Company and Morphic Holding, Inc. announced a definitive agreement for Lilly to acquire Morphic, a biopharmaceutical company developing oral integrin therapies for treatment of serious chronic diseases.",
            "tickers": [
                "lly"
            ]
        },
        {
            "id": "-1004700137876599774",
            "title": "Lilly Pays $3.2B to Buy Morphic and Deepen Immunology, Gastro Portfolio",
            "url": "https://www.biospace.com/article/lilly-pays-3-2b-to-buy-morphic-and-deepen-immuno-gastro-portfolio/?s=95",
            "site": "biospace.com",
            "time": 1720396800000,
            "favicon_url": "https://static.tickertick.com/website_icons/biospace.com.ico",
            "tags": [
                "lly"
            ],
            "description": "Eli Lilly on Monday announced a $3.2 billion all-cash deal to purchase Morphic and its pipeline of oral integrin therapies in a move to expand the pharma\u2019s presence in the autoimmune diseases space.",
            "tickers": [
                "lly"
            ]
        },
        {
            "id": "-846516731188042446",
            "title": "Beyond GLP-1s: The Next Obesity Treatments",
            "url": "https://www.biospace.com/article/beyond-glp-1s-the-next-obesity-treatments-/?s=68",
            "site": "biospace.com",
            "time": 1720396800000,
            "favicon_url": "https://static.tickertick.com/website_icons/biospace.com.ico",
            "tags": [
                "lly"
            ],
            "description": "Eli Lilly, Rivus Pharmaceuticals and more target different biological processes in hopes of generating higher-quality weight loss and avoiding metabolic issues.",
            "tickers": [
                "lly"
            ]
        },
        {
            "id": "6302615522095855403",
            "title": "Eli Lilly Buys Bowel Disease Drug Developer Morphic In $3.2 Billion Deal",
            "url": "https://www.forbes.com/sites/tylerroush/2024/07/08/eli-lilly-buys-bowel-disease-drug-developer-morphic-in-32-billion-deal/",
            "site": "forbes.com",
            "time": 1720396800000,
            "favicon_url": "https://static.tickertick.com/website_icons/forbes.com.ico",
            "tags": [
                "lly"
            ],
            "tickers": [
                "lly"
            ]
        },
        {
            "id": "6047316181958457070",
            "title": "Eli Lilly shares have plenty room to run even after hitting a new high on Monday",
            "url": "https://www.cnbc.com/2024/07/08/eli-lilly-shares-have-plenty-room-to-run-even-after-mondays-new-high.html",
            "site": "cnbc.com",
            "time": 1720308550000,
            "favicon_url": "https://static.tickertick.com/website_icons/cnbc.com.ico",
            "tags": [
                "lly"
            ],
            "tickers": [
                "lly"
            ]
        },
        {
            "id": "-4870824791287577319",
            "title": "Eli Lilly's weight loss drug future, Trump Media's cash, and airplane turbulence: Business news roundup",
            "url": "https://qz.com/eli-lilly-weight-loss-drugs-trump-media-amazon-van-fire-1851578565",
            "site": "qz.com",
            "time": 1720270800000,
            "favicon_url": "https://static.tickertick.com/website_icons/qz.com.ico",
            "tags": [
                "lly"
            ],
            "description": "Eli Lilly\u2019s blockbuster GLP-1 diabetes and weight loss treatment Mounjaro could soon be approved in India, opening up one of the world\u2019s largest weight loss markets to the pharma giant. Read more...",
            "tickers": [
                "lly"
            ]
        },
        {
            "id": "8941106588078835921",
            "title": "Lilly's new Alzheimer's drug could generate $7.1B in sales: analyst | $LLY $BIIB $ESAIY",
            "url": "https://seekingalpha.com/news/4122161-lillys-new-alzheimers-drug-could-generate-7b-in-sales",
            "site": "seekingalpha.com",
            "time": 1720026557000,
            "favicon_url": "https://static.tickertick.com/website_icons/seekingalpha.com.ico",
            "tags": [
                "lly"
            ],
            "tickers": [
                "lly"
            ]
        },
        {
            "id": "-8457242570543970677",
            "title": "Wall Street firm gets it right with Best Buy call, plus Eli Lilly shares move up",
            "url": "https://www.cnbc.com/2024/07/03/street-gets-it-right-with-best-buy-call-plus-eli-lilly-shares-move-up.html",
            "site": "cnbc.com",
            "time": 1720021440000,
            "favicon_url": "https://static.tickertick.com/website_icons/cnbc.com.ico",
            "tags": [
                "lly"
            ],
            "description": "The Investing Club holds its \"Morning Meeting\" every weekday at 10:20 a.m. ET.",
            "tickers": [
                "lly"
            ]
        },
        {
            "id": "-9077935739602983960",
            "title": "FDA Approves Eli Lilly's Alzheimer's Drug Kisunla",
            "url": "https://www.investopedia.com/fda-approves-eli-lilly-s-alzheimer-s-drug-kisunla-8673220?.tsrc=rss",
            "site": "investopedia.com",
            "time": 1720019657000,
            "favicon_url": "https://static.tickertick.com/website_icons/investopedia.com.ico",
            "tags": [
                "lly"
            ],
            "description": "The Food and Drug Administration approved Eli Lilly's drug to treat early stages of Alzheimer's disease.",
            "tickers": [
                "lly"
            ]
        },
        {
            "id": "-8430659558318089982",
            "title": "Biden, Sanders Call on Novo Nordisk and Eli Lilly to Lower Weight-Loss Drug Prices",
            "url": "https://www.biospace.com/article/biden-sanders-call-on-novo-nordisk-and-eli-lilly-to-lower-weight-loss-drug-prices/?s=89",
            "site": "biospace.com",
            "time": 1719964800000,
            "favicon_url": "https://static.tickertick.com/website_icons/biospace.com.ico",
            "tags": [
                "lly"
            ],
            "description": "President Joe Biden and Sen. Bernie Sanders in a Tuesday op-ed in USA Today called on Novo Nordisk and Eli Lilly to \u201cstop ripping off Americans\u201d with \u201cunconscionably high prices\u201d for their GLP-1 medicines.",
            "tickers": [
                "lly"
            ]
        },
        {
            "id": "790672026592566417",
            "title": "FDA Approves Lilly\u2019s Donanemab While Rejections Highlight Manufacturing Issues",
            "url": "https://www.biospace.com/article/fda-approves-lilly-s-donanemab-while-rejections-highlight-manufacturing-issues/?s=74",
            "site": "biospace.com",
            "time": 1719964800000,
            "favicon_url": "https://static.tickertick.com/website_icons/biospace.com.ico",
            "tags": [
                "lly"
            ],
            "description": "Two CRLs from the FDA last week cited concerns with third-party manufacturers, while Indian CDMOs may make a bid for U.S. business if there is a decoupling from Chinese companies under the BIOSECURE Act.",
            "tickers": [
                "lly"
            ]
        },
        {
            "id": "345278125230382963",
            "title": "Novo Nordisk and Eli Lilly Slide as Biden Blasts Weight-Loss Drug Prices",
            "url": "https://www.investopedia.com/novo-nordisk-and-eli-lilly-slide-as-biden-blasts-weight-loss-drug-prices-8672780?.tsrc=rss",
            "site": "investopedia.com",
            "time": 1719952511000,
            "favicon_url": "https://static.tickertick.com/website_icons/investopedia.com.ico",
            "tags": [
                "lly"
            ],
            "description": "Novo Nordisk and Eli Lilly shares lost ground Tuesday after U.S. President Joe Biden and Senator Bernie Sanders called out the companies in an op-ed for the cost of their medicines.",
            "tickers": [
                "lly"
            ]
        },
        {
            "id": "-8840382125721893358",
            "title": "Lilly's Alzheimer's drug gets FDA nod",
            "url": "https://www.axios.com/2024/07/02/eli-lilly-donanemab-alzheimers-fda-approval",
            "site": "axios.com",
            "time": 1719949252000,
            "favicon_url": "https://static.tickertick.com/website_icons/axios.com.ico",
            "tags": [
                "lly"
            ],
            "description": "The Food and Drug Administration granted approval to Eli Lilly's Alzheimer's drug, which was found to slow progression of the disease by about a third, the company announced Tuesday.Why it matters: The approval of donanemab, which will be sold under the brand name Kisunla, makes the antibody the second drug of its kind to win Food and Drug Administration approval.The drug, which is infused once a month, was approved to treat mild cognitive impairment.The big picture: Kisunla targets proteins in the brain known as amyloid plaques that are believed to contribute to the development of Alzheimer's disease, which afflicts nearly 7 million Americans.Phase 3 clinical trial data over 18 months showed the drug slowed progression of the disease by 35% compared to the placebo and reduced the patient's risk of progressing to the next clinical stage of disease by up to 39%.The drug can help \"slow the decline that may diminish people's ability to remember new information, important dates, and appointments; plan and organize; make meals; use household appliances; manage finances; and be left alone,\" officials said in a release.It will compete with Eisai and Biogen's Leqembi, which the FDA approved last year.Catch up quick: In June, a key FDA advisory committee unanimously concluded that the drug donanemab benefits patients with early stages of the disease and that its benefits outweigh its risks.The drug had faced some uncertainty earlier this year after the FDA in March unexpectedly called for an outside review of donanemab after some patients enrolled in a clinical trial experienced brain swelling, bleeding and other adverse events.Go deeper: Where the future of Alzheimer's drugs is heading The Food and Drug Administration granted approval to Eli Lilly's Alzheimer's drug, which was found to slow progression of the disease by about a third, the company announced Tuesday.Why it matters: The approval of donanemab, which will be sold under the brand name Kisunla, makes the antibody the second drug of its kind to win Food and Drug Administration approval.The drug, which is infused once a month, was approved to treat mild cognitive impairment.The big picture: Kisunla targets proteins in the brain known as amyloid plaques that are believed to contribute to the development of Alzheimer's disease, which afflicts nearly 7 million Americans.Phase 3 clinical trial data over 18 months showed the drug slowed progression of the disease by 35% compared to the placebo and reduced the patient's risk of progressing to the next clinical stage of disease by up to 39%.The drug can help \"slow the decline that may diminish people's ability to remember new information, important dates, and appointments; plan and organize; make meals; use household appliances; manage finances; and be left alone,\" officials said in a release.It will compete with Eisai and Biogen's Leqembi, which the FDA approved last year.Catch up quick: In June, a key FDA advisory committee unanimously concluded that the drug donanemab benefits patients with early stages of the disease and that its benefits outweigh its risks.The drug had faced some uncertainty earlier this year after the FDA in March unexpectedly called for an outside review of donanemab after some patients enrolled in a clinical trial experienced brain swelling, bleeding and other adverse events.Go deeper: Where the future of Alzheimer's drugs is heading",
            "tickers": [
                "lly"
            ]
        },
        {
            "id": "4470848290221543066",
            "title": "Eli Lilly wins US approval for early-stage Alzheimer\u2019s treatment",
            "url": "https://www.ft.com/content/05fa6b43-ad9f-4b9b-a198-9a38d835ee31",
            "site": "ft.com",
            "time": 1719948262000,
            "favicon_url": "https://static.tickertick.com/website_icons/ft.com.ico",
            "tags": [
                "lly"
            ],
            "description": "Kisunla will carry a 20% premium price over a competitor as the company claims it requires fewer treatments",
            "tickers": [
                "lly"
            ]
        },
        {
            "id": "2583910776995485216",
            "title": "Approval of Eli Lilly's New Alzheimer's Drug Will Accelerate New Era of Treatment",
            "url": "https://www.wsj.com/articles/approval-of-newest-alzheimers-drug-will-accelerate-new-era-of-treatment-645bfa25?mod=pls_whats_news_us_business_f",
            "site": "wsj.com",
            "time": 1719947580000,
            "favicon_url": "https://static.tickertick.com/website_icons/wsj.com.ico",
            "tags": [
                "lly"
            ],
            "description": "With the arrival of Lilly\u2019s Kisunla, Alzheimer\u2019s care could become more like treatment of cancer and rheumatoid arthritis and their regular infusions.",
            "tickers": [
                "lly"
            ]
        },
        {
            "id": "1365743176737069458",
            "title": "Eli Lilly\u2019s Alzheimer\u2019s drug wins FDA approval",
            "url": "https://www.marketwatch.com/story/eli-lillys-alzheimers-drug-wins-fda-approval-01cfa71f?mod=mw_rss_topstories",
            "site": "marketwatch.com",
            "time": 1719946740000,
            "favicon_url": "https://static.tickertick.com/website_icons/marketwatch.com.ico",
            "tags": [
                "lly"
            ],
            "description": "An Eli Lilly & Co. Alzheimer\u2019s drug won Food and Drug Administration approval Tuesday, capping the medication\u2019s bumpy ride through the U.S. regulatory process and adding a second new treatment option for patients in earlier stages of the disease.",
            "tickers": [
                "lly"
            ]
        },
        {
            "id": "-3139648181431255798",
            "title": "FDA approval of Eli Lilly's Alzheimer's drug cements our decision not to take profits",
            "url": "https://www.cnbc.com/2024/07/02/fda-approval-of-eli-lillys-alzheimers-drug-cements-our-decision-to-not-take-profits.html",
            "site": "cnbc.com",
            "time": 1719946217000,
            "favicon_url": "https://static.tickertick.com/website_icons/cnbc.com.ico",
            "tags": [
                "lly"
            ],
            "description": "Every weekday, the Investing Club releases the Homestretch; an actionable afternoon update just in time for the last hour of trading.",
            "tickers": [
                "lly"
            ]
        },
        {
            "id": "7181749672826826506",
            "title": "Eli Lilly wins FDA approval of donanemab for Alzheimer's",
            "url": "https://seekingalpha.com/news/4121800-eli-lilly-wins-fda-approval-donanemab-alzheimers",
            "site": "seekingalpha.com",
            "time": 1719942869000,
            "favicon_url": "https://static.tickertick.com/website_icons/seekingalpha.com.ico",
            "tags": [
                "lly"
            ],
            "tickers": [
                "lly"
            ]
        },
        {
            "id": "51374486833963449",
            "title": "Approval of Newest Alzheimer's Drug Will Accelerate New Era of Treatment",
            "url": "https://www.wsj.com/articles/approval-of-newest-alzheimers-drug-will-accelerate-new-era-of-treatment-645bfa25",
            "site": "wsj.com",
            "time": 1719942600000,
            "favicon_url": "https://static.tickertick.com/website_icons/wsj.com.ico",
            "tags": [
                "lly"
            ],
            "description": "Lilly\u2019s Kisunla was shown in a study to slow the decline of Alzheimer\u2019s patients.",
            "tickers": [
                "lly"
            ]
        },
        {
            "id": "-7218635231865055025",
            "title": "New Drug Approved for Early Alzheimer\u2019s",
            "url": "https://www.nytimes.com/2024/07/02/health/alzheimers-treatment-donanemab.html",
            "site": "nytimes.com",
            "time": 1719942321000,
            "favicon_url": "https://static.tickertick.com/website_icons/nytimes.com.ico",
            "tags": [
                "lly"
            ],
            "similar_stories": [
                "8941106588078835921",
                "-9077935739602983960",
                "-8840382125721893358",
                "4470848290221543066",
                "2583910776995485216",
                "1365743176737069458",
                "-3139648181431255798",
                "7181749672826826506",
                "51374486833963449",
                "-4027637616410533320"
            ],
            "description": "The drug, by Eli Lilly, is the latest in a new class of treatments that could modestly slow cognitive decline in initial stages of the disease but also carry safety risks. Bev Krol of Phoenix has been a participant in a trial for the drug donanemab for nearly three years. Her husband, Mark, said she began being forgetful about six years ago.",
            "tickers": [
                "lly"
            ]
        },
        {
            "id": "3137196241217704767",
            "title": "Here's why investors are selling shares of weight loss drug leader Eli Lilly",
            "url": "https://www.cnbc.com/2024/07/02/heres-why-investors-are-selling-weight-loss-drug-leader-eli-lilly-.html",
            "site": "cnbc.com",
            "time": 1719936993000,
            "favicon_url": "https://static.tickertick.com/website_icons/cnbc.com.ico",
            "tags": [
                "lly"
            ],
            "description": "The Investing Club holds its \"Morning Meeting\" every weekday at 10:20 a.m. ET.",
            "tickers": [
                "lly"
            ]
        },
        {
            "id": "-340543023913416496",
            "title": "Novo Nordisk, Eli Lilly singled out by Biden, Sanders over drug prices",
            "url": "https://www.marketwatch.com/story/novo-nordisk-eli-lilly-singled-out-by-biden-sanders-over-drug-prices-b6344ea2?mod=mw_rss_topstories",
            "site": "marketwatch.com",
            "time": 1719935040000,
            "favicon_url": "https://static.tickertick.com/website_icons/marketwatch.com.ico",
            "tags": [
                "lly"
            ],
            "description": "Shares of Novo Nordisk and Eli Lilly & Co. dropped early Tuesday after President Joe Biden and Sen. Bernie Sanders took aim at obesity and diabetes drug prices in a USA Today opinion piece.",
            "tickers": [
                "lly"
            ]
        },
        {
            "id": "-2937008513491555096",
            "title": "Novo Nordisk and Eli Lilly stock slip because Biden wants weight loss drug price cuts",
            "url": "https://qz.com/novo-nordisk-eli-lilly-weight-loss-drug-prices-biden-1851572483",
            "site": "qz.com",
            "time": 1719931860000,
            "favicon_url": "https://static.tickertick.com/website_icons/qz.com.ico",
            "tags": [
                "lly"
            ],
            "description": "The stocks of pharmaceutical giants Novo Nordisk and Eli Lilly both took a hit Tuesday morning after President Joe Biden called on the drug makers to cut the prices of their blockbuster diabetes and weight loss drugs. Read more...",
            "tickers": [
                "lly"
            ]
        },
        {
            "id": "1889587827666139839",
            "title": "Eli Lilly, Novo under pressure as Biden urges lower drug prices | $NVO $LLY $NONOF $PPH $GSK",
            "url": "https://seekingalpha.com/news/4121664-eli-lilly-novo-stocks-fall-biden-urges-lower-drug-prices",
            "site": "seekingalpha.com",
            "time": 1719926250000,
            "favicon_url": "https://static.tickertick.com/website_icons/seekingalpha.com.ico",
            "tags": [
                "lly"
            ],
            "tickers": [
                "lly"
            ]
        },
        {
            "id": "-7915929601309440458",
            "title": "Lilly Inks Radiopharma Deal With Radionetics, Secures Right to Buy Biotech",
            "url": "https://www.biospace.com/article/lilly-inks-radiopharma-deal-with-radionetics-secures-right-to-buy-biotech/?s=89",
            "site": "biospace.com",
            "time": 1719878400000,
            "favicon_url": "https://static.tickertick.com/website_icons/biospace.com.ico",
            "tags": [
                "lly"
            ],
            "description": "Eli Lilly is expanding its radiopharmaceutical portfolio with a $140 million upfront payment to Radionetics Oncology and the exclusive future right to acquire the biotech for $1 billion.",
            "tickers": [
                "lly"
            ]
        },
        {
            "id": "-6562813514239900433",
            "title": "Lilly's Kisunla\u2122 (donanemab-azbt) Approved by the FDA for the Treatment of Early Symptomatic Alzheimer's Disease",
            "url": "https://www.biospace.com/article/releases/lilly-s-kisunla-donanemab-azbt-approved-by-the-fda-for-the-treatment-of-early-symptomatic-alzheimer-s-disease/?s=74",
            "site": "biospace.com",
            "time": 1719878400000,
            "favicon_url": "https://static.tickertick.com/website_icons/biospace.com.ico",
            "tags": [
                "lly"
            ],
            "description": "The U.S. Food and Drug Administration (FDA) approved Kisunla\u2122 (donanemab-azbt, 350 mg/20 mL once-monthly injection for IV infusion), Eli Lilly and Company's (NYSE: LLY) Alzheimer's treatment for adults with early symptomatic Alzheimer's disease (AD), which includes people with mild cognitive impairment (MCI) as well as people with the mild dementia stage of AD, with confirmed amyloid pathology.",
            "tickers": [
                "lly"
            ]
        },
        {
            "id": "-4080032264767054897",
            "title": "Alzheimer's Association Welcomes U.S. FDA Approval of Kisunla (donanemab)",
            "url": "https://www.biospace.com/article/releases/alzheimer-s-association-welcomes-u-s-fda-approval-of-kisunla-donanemab-/?s=74",
            "site": "biospace.com",
            "time": 1719878400000,
            "favicon_url": "https://static.tickertick.com/website_icons/biospace.com.ico",
            "tags": [
                "lly"
            ],
            "description": "The Alzheimer's Association celebrates today's U.S. Food and Drug Administration (FDA) action to approve Kisunla\u2122 (donanemab, Eli Lilly) for the treatment of people living with early symptomatic Alzheimer's disease, which includes mild cognitive impairment and the mild dementia stage of Alzheimer's disease, with confirmed amyloid plaques.",
            "tickers": [
                "lly"
            ]
        },
        {
            "id": "-4027637616410533320",
            "title": "FDA Approves Eli Lilly\u2019s Alzheimer\u2019s Drug Donanemab",
            "url": "https://www.forbes.com/sites/tylerroush/2024/07/02/fda-approves-eli-lillys-alzheimers-drug-donanemab/",
            "site": "forbes.com",
            "time": 1719878400000,
            "favicon_url": "https://static.tickertick.com/website_icons/forbes.com.ico",
            "tags": [
                "lly"
            ],
            "tickers": [
                "lly"
            ]
        },
        {
            "id": "-593579920816939666",
            "title": "Lilly in deal with Radionetics Oncology on radiopharmaceuticals development | $LLY",
            "url": "https://seekingalpha.com/news/4121300-lilly-deal-radionetics-oncology-radiopharmaceuticals-development",
            "site": "seekingalpha.com",
            "time": 1719855390000,
            "favicon_url": "https://static.tickertick.com/website_icons/seekingalpha.com.ico",
            "tags": [
                "lly"
            ],
            "tickers": [
                "lly"
            ]
        },
        {
            "id": "2410745618380915572",
            "title": "Eli Lilly is one step closer to gaining access to one of the world's largest weight loss markets",
            "url": "https://qz.com/eli-lilly-mounjary-india-1851570293",
            "site": "qz.com",
            "time": 1719853260000,
            "favicon_url": "https://static.tickertick.com/website_icons/qz.com.ico",
            "tags": [
                "lly"
            ],
            "description": "Eli Lilly\u2019s blockbuster GLP-1 diabetes and weight loss treatment Mounjaro could soon be approved in India, opening up one of the world\u2019s largest weight loss markets to the pharma giant.Read more...",
            "tickers": [
                "lly"
            ]
        },
        {
            "id": "-7159873724001818536",
            "title": "Lilly signs $140M upfront partnership with Radionetics in latest radiopharma play",
            "url": "https://www.fiercebiotech.com/biotech/lilly-signs-140m-upfront-partnership-radionectics-latest-radiopharma-play",
            "site": "fiercebiotech.com",
            "time": 1719846433000,
            "favicon_url": "https://static.tickertick.com/website_icons/fiercebiotech.com.ico",
            "tags": [
                "lly"
            ],
            "description": "Lilly signs $140M upfront partnership with Radionetics in latest radiopharma play jwaldron Mon, 07/01/2024 - 11:07",
            "tickers": [
                "lly"
            ]
        },
        {
            "id": "9188518229143118709",
            "title": "Alnylam, Lilly, AstraZeneca among best performing pharmas, biotechs in Q2",
            "url": "https://seekingalpha.com/news/4120874-alnylam-lilly-astrzeneca-best-performing-pharmas-biotechs-q2",
            "site": "seekingalpha.com",
            "time": 1719793856000,
            "favicon_url": "https://static.tickertick.com/website_icons/seekingalpha.com.ico",
            "tags": [
                "lly"
            ],
            "tickers": [
                "lly"
            ]
        },
        {
            "id": "-6480902555536609376",
            "title": "Radionetics Oncology Enters Into Strategic Agreement With Lilly",
            "url": "https://www.biospace.com/article/releases/radionetics-oncology-enters-into-strategic-agreement-with-lilly/?s=106",
            "site": "biospace.com",
            "time": 1719792000000,
            "favicon_url": "https://static.tickertick.com/website_icons/biospace.com.ico",
            "tags": [
                "lly"
            ],
            "description": "Radionetics Oncology announced today the formation of a strategic relationship with Eli Lilly and Company to take forward Radionetics\u2019 proprietary GPCR targeting small molecule radiopharmaceuticals.",
            "tickers": [
                "lly"
            ]
        },
        {
            "id": "-954556663034859991",
            "title": "UK planning laws deter investment, says drugs giant",
            "url": "https://www.bbc.com/news/articles/c4ngq10grgzo",
            "site": "bbc.com",
            "time": 1719788677000,
            "favicon_url": "https://static.tickertick.com/website_icons/bbc.com.ico",
            "tags": [
                "lly"
            ],
            "description": "Dave Ricks says he had considered building a factory in the UK, but chose another country instead.",
            "tickers": [
                "lly"
            ]
        },
        {
            "id": "-5592374763843274504",
            "title": "Eli Lilly, Novo under pressure as Biden urges lower drug prices",
            "url": "https://seekingalpha.com/news/4121664-eli-lilly-novo-stocks-fall-biden-urges-lower-drug-prices?source=first_level_url%3Ahome%7Csection%3Atrending_news%7Cline%3A7",
            "site": "seekingalpha.com",
            "time": 1719756931000,
            "favicon_url": "https://static.tickertick.com/website_icons/seekingalpha.com.ico",
            "tags": [
                "lly"
            ],
            "tickers": [
                "lly"
            ]
        },
        {
            "id": "3774710518827306338",
            "title": "Hims & Hers down 6% following report on weight loss drug | $HIMS $HE $NVO $LLY $H",
            "url": "https://seekingalpha.com/news/4120028-him-hers-down-6-following-report-shady-supplier-for-weight-loss-drug",
            "site": "seekingalpha.com",
            "time": 1719495393000,
            "favicon_url": "https://static.tickertick.com/website_icons/seekingalpha.com.ico",
            "tags": [
                "lly"
            ],
            "tickers": [
                "lly"
            ]
        },
        {
            "id": "1425248215836277305",
            "title": "Healthy Returns: Eli Lilly, other drugmakers show off encouraging weight loss drug data",
            "url": "https://www.cnbc.com/2024/06/26/healthy-returns-eli-lilly-drugmakers-show-off-weight-loss-drug-data.html",
            "site": "cnbc.com",
            "time": 1719416233000,
            "favicon_url": "https://static.tickertick.com/website_icons/cnbc.com.ico",
            "tags": [
                "lly"
            ],
            "description": "Drugmakers showed off data on weight loss and diabetes drugs. Also, Oracle announced the general availability of AI documentation assistant for doctors.",
            "tickers": [
                "lly"
            ]
        },
        {
            "id": "-631823888024543954",
            "title": "Augustine Therapeutics raises EUR 17M in Series A first closing | $LLY $VIGL",
            "url": "https://seekingalpha.com/news/4119532-augustine-therapeutics-raises-eur-17m-in-series-a-first-closing",
            "site": "seekingalpha.com",
            "time": 1719408368000,
            "favicon_url": "https://static.tickertick.com/website_icons/seekingalpha.com.ico",
            "tags": [
                "lly"
            ],
            "tickers": [
                "lly"
            ]
        },
        {
            "id": "-3381334059142785874",
            "title": "The War Over Cheaper Ozempic Won't End Well for Some Investors",
            "url": "https://www.wsj.com/articles/the-war-over-cheaper-ozempic-wont-end-well-for-some-investors-75b8acbf",
            "site": "wsj.com",
            "time": 1719399600000,
            "favicon_url": "https://static.tickertick.com/website_icons/wsj.com.ico",
            "tags": [
                "lly"
            ],
            "description": "Once Eli Lilly and Novo Nordisk increase the supply of weight-loss medications, companies such as Hims & Hers may find it trickier to sell compounded versions of the drugs.",
            "tickers": [
                "lly"
            ]
        },
        {
            "id": "-3719805984321158364",
            "title": "Augustine Therapeutics raises \u20ac17M in series A first closing | $LLY $VIGL",
            "url": "https://seekingalpha.com/news/4119241-augustine-therapeutics-raises-17m-in-series-a-first-closing",
            "site": "seekingalpha.com",
            "time": 1719387214000,
            "favicon_url": "https://static.tickertick.com/website_icons/seekingalpha.com.ico",
            "tags": [
                "lly"
            ],
            "similar_stories": [
                "-631823888024543954"
            ],
            "tickers": [
                "lly"
            ]
        },
        {
            "id": "-4342087555606467476",
            "title": "TRexBio Announces Collaboration Partner Lilly Has Initiated a Phase 1 Study of TRB-051 for Autoimmune and Inflammatory Diseases",
            "url": "https://www.biospace.com/article/releases/trexbio-announces-collaboration-partner-lilly-has-initiated-a-phase-1-study-of-trb-051-for-autoimmune-and-inflammatory-diseases/?s=89",
            "site": "biospace.com",
            "time": 1719360000000,
            "favicon_url": "https://static.tickertick.com/website_icons/biospace.com.ico",
            "tags": [
                "lly"
            ],
            "description": "TRex Bio, Inc. (\u201cTRexBio\u201d) today announced that collaboration partner Eli Lilly and Company (\u201cLilly\u201d) has initiated a Phase 1 first-in-human study of TRB-051, a modulator of immune effector cells, for treatment of autoimmune and inflammatory diseases.",
            "tickers": [
                "lly"
            ]
        },
        {
            "id": "-3422136128439844484",
            "title": "Lilly Teams With OpenAI to Tackle Threat of Drug-Resistant Bacteria",
            "url": "https://www.biospace.com/article/lilly-teams-with-openai-to-tackle-threat-of-drug-resistant-bacteria/?s=65",
            "site": "biospace.com",
            "time": 1719360000000,
            "favicon_url": "https://static.tickertick.com/website_icons/biospace.com.ico",
            "tags": [
                "lly"
            ],
            "description": "Following in the footsteps of Sanofi and Moderna, Eli Lilly on Tuesday inked a collaboration agreement with OpenAI to develop novel antimicrobial agents against drug-resistant pathogens.",
            "tickers": [
                "lly"
            ]
        },
        {
            "id": "3496461512138076609",
            "title": "Why Drugmaker Eli Lilly Is Partnering With ChatGPT Maker OpenAI",
            "url": "https://www.investopedia.com/why-drugmaker-eli-lilly-is-partnering-with-chatgpt-maker-openai-8668887?.tsrc=rss",
            "site": "investopedia.com",
            "time": 1719347169000,
            "favicon_url": "https://static.tickertick.com/website_icons/investopedia.com.ico",
            "tags": [
                "lly"
            ],
            "description": "Eli Lilly announced a partnership with ChatGPT maker OpenAI to use artificial intelligence to develop new treatments for drug-resistant diseases.",
            "tickers": [
                "lly"
            ]
        },
        {
            "id": "2024030230649319160",
            "title": "ResMed cut at Oppenheimer after Eli Lilly\u2019s tirzepatide sleep apnea data",
            "url": "https://seekingalpha.com/news/4119106-resmed-cut-at-oppenheimer-after-eli-lillys-tirzepatide-sleep-apnea-data",
            "site": "seekingalpha.com",
            "time": 1719337065000,
            "favicon_url": "https://static.tickertick.com/website_icons/seekingalpha.com.ico",
            "tags": [
                "lly"
            ],
            "tickers": [
                "lly"
            ]
        },
        {
            "id": "-8843239452278373734",
            "title": "DuPont draws suitors for its water unit, plus what's driving Eli Lilly's bounce",
            "url": "https://www.cnbc.com/2024/06/25/dupont-draws-suitors-for-water-unit-plus-whats-driving-lillys-gain.html",
            "site": "cnbc.com",
            "time": 1719333070000,
            "favicon_url": "https://static.tickertick.com/website_icons/cnbc.com.ico",
            "tags": [
                "lly"
            ],
            "description": "The Investing Club holds its \"Morning Meeting\" every weekday at 10:20 a.m. ET.",
            "tickers": [
                "lly"
            ]
        },
        {
            "id": "-7323584753666542483",
            "title": "Lilly gains approval of lebrikizumab in Canada for atopic dermatitis | $LLY",
            "url": "https://seekingalpha.com/news/4119066-lilly-gains-approval-lebrikizumab-canada-atopic-dermatitis",
            "site": "seekingalpha.com",
            "time": 1719331954000,
            "favicon_url": "https://static.tickertick.com/website_icons/seekingalpha.com.ico",
            "tags": [
                "lly"
            ],
            "tickers": [
                "lly"
            ]
        },
        {
            "id": "3631233871024812433",
            "title": "Eli Lilly collaborates with OpenAI for medicines against drug-resistant bacteria | $LLY $MSFT $SNY $MRNA",
            "url": "https://seekingalpha.com/news/4119028-eli-lilly-collaborates-with-openai-for-medicines-against-drug-resistant-bacteria",
            "site": "seekingalpha.com",
            "time": 1719328089000,
            "favicon_url": "https://static.tickertick.com/website_icons/seekingalpha.com.ico",
            "tags": [
                "lly"
            ],
            "tickers": [
                "lly"
            ]
        },
        {
            "id": "6881373602283991303",
            "title": "Eli Lilly inks OpenAI deal for discovering new antibiotics",
            "url": "https://www.fiercebiotech.com/biotech/eli-lilly-inks-openai-deal-discovering-new-antibiotics",
            "site": "fiercebiotech.com",
            "time": 1719325845000,
            "favicon_url": "https://static.tickertick.com/website_icons/fiercebiotech.com.ico",
            "tags": [
                "lly"
            ],
            "description": "Eli Lilly inks OpenAI deal for discovering new antibiotics gmasson Tue, 06/25/2024 - 10:30",
            "tickers": [
                "lly"
            ]
        },
        {
            "id": "-5931855279095850781",
            "title": "Lilly collaborates with OpenAI to discover novel medicines to treat drug-resistant bacteria",
            "url": "https://www.biospace.com/article/releases/lilly-collaborates-with-openai-to-discover-novel-medicines-to-treat-drug-resistant-bacteria/?s=103",
            "site": "biospace.com",
            "time": 1719273600000,
            "favicon_url": "https://static.tickertick.com/website_icons/biospace.com.ico",
            "tags": [
                "lly"
            ],
            "similar_stories": [
                "-3422136128439844484",
                "3631233871024812433"
            ],
            "description": "Eli Lilly and Company (NYSE: LLY) announced a collaboration with OpenAI that will allow Lilly to leverage OpenAI's generative AI to invent novel antimicrobials to treat drug-resistant pathogens.",
            "tickers": [
                "lly"
            ]
        },
        {
            "id": "8324703570663900781",
            "title": "Inspire Medical, ResMed decline following Lilly tirzepatide sleep apnea data",
            "url": "https://seekingalpha.com/news/4118548-inspire-medical-resmed-decline-following-lilly-tirzepatide-sleep-apnea-data",
            "site": "seekingalpha.com",
            "time": 1719256633000,
            "favicon_url": "https://static.tickertick.com/website_icons/seekingalpha.com.ico",
            "tags": [
                "lly"
            ],
            "tickers": [
                "lly"
            ]
        },
        {
            "id": "1792583429458580151",
            "title": "Eli Lilly's treatment for obesity and diabetes looks promising for another severe condition",
            "url": "https://www.cnbc.com/2024/06/24/eli-lillys-treatment-for-obesity-and-diabetes-looks-promising-sleep-apnea.html",
            "site": "cnbc.com",
            "time": 1719243524000,
            "favicon_url": "https://static.tickertick.com/website_icons/cnbc.com.ico",
            "tags": [
                "lly"
            ],
            "description": "The Investing Club holds its \"Morning Meeting\" every weekday at 10:20 a.m. ET.",
            "tickers": [
                "lly"
            ]
        },
        {
            "id": "-1219979334159878660",
            "title": "Eli Lilly declares $1.30 dividend",
            "url": "https://seekingalpha.com/news/4118430-eli-lilly-and-company-declares-1_30-dividend",
            "site": "seekingalpha.com",
            "time": 1719243502000,
            "favicon_url": "https://static.tickertick.com/website_icons/seekingalpha.com.ico",
            "tags": [
                "lly"
            ],
            "tickers": [
                "lly"
            ]
        },
        {
            "id": "-6089032431320157814",
            "title": "Medical-device makers ResMed and Inspire slump after Lilly\u2019s Zepbound trial shows benefits for sleep apnea",
            "url": "https://www.marketwatch.com/story/medical-device-makers-resmed-and-inspire-slump-after-lillys-zepbound-trial-shows-benefits-for-sleep-apnea-ae4c8df3?mod=mw_rss_topstories",
            "site": "marketwatch.com",
            "time": 1719242760000,
            "favicon_url": "https://static.tickertick.com/website_icons/marketwatch.com.ico",
            "tags": [
                "lly"
            ],
            "description": "ResMed and Inspire Medical make devices that help patients with sleep apnea breathe better.",
            "tickers": [
                "lly"
            ]
        },
        {
            "id": "9100648122661931842",
            "title": "Why a Pair of Eli Lilly Clinical Trials Sent ResMed Stock Tumbling",
            "url": "https://www.investopedia.com/why-a-pair-of-eli-lilly-clinical-trials-sent-resmed-stock-tumbling-8668009?.tsrc=rss",
            "site": "investopedia.com",
            "time": 1719239938000,
            "favicon_url": "https://static.tickertick.com/website_icons/investopedia.com.ico",
            "tags": [
                "lly"
            ],
            "description": "Eli Lilly released results from a pair of clinical trials on Friday afternoon that showed the capability of its weight-loss drug Zepbound to reduce the severity of sleep apnea, potentially impacting ResMed's sales.",
            "tickers": [
                "lly"
            ]
        },
        {
            "id": "-5591507681613197727",
            "title": "These Stocks Are Moving the Most Today: Apple, Meta, Trump Media, UPS, RXO, Eli Lilly, and More",
            "url": "https://www.barrons.com/articles/stock-market-movers-e5de247b?siteid=yhoof2&yptr=yahoo",
            "site": "barrons.com",
            "time": 1719219540000,
            "favicon_url": "https://static.tickertick.com/website_icons/barrons.com.ico",
            "tags": [
                "lly"
            ],
            "tickers": [
                "lly"
            ]
        },
        {
            "id": "-8256493453394174651",
            "title": "Lilly Declares Third-Quarter 2024 Dividend",
            "url": "https://www.biospace.com/article/releases/lilly-declares-third-quarter-2024-dividend/?s=72",
            "site": "biospace.com",
            "time": 1719187200000,
            "favicon_url": "https://static.tickertick.com/website_icons/biospace.com.ico",
            "tags": [
                "lly"
            ],
            "description": "The board of directors of Eli Lilly and Company has declared a dividend for the third quarter of 2024 of $1.30 per share on outstanding common stock.",
            "tickers": [
                "lly"
            ]
        },
        {
            "id": "-7396054066670462346",
            "title": "Lilly Sees Path for Zepbound\u2019s Label Expansion With Phase III Sleep Apnea Win",
            "url": "https://www.biospace.com/article/lilly-sees-path-for-zepbound-s-label-expansion-with-phase-iii-sleep-apnea-win/?s=95",
            "site": "biospace.com",
            "time": 1719187200000,
            "favicon_url": "https://static.tickertick.com/website_icons/biospace.com.ico",
            "tags": [
                "lly"
            ],
            "description": "Data showed that Eli Lilly\u2019s Zepbound could resolve obstructive sleep apnea in at least 43% of patients, solidifying the pharma\u2019s case for label expansion.",
            "tickers": [
                "lly"
            ]
        },
        {
            "id": "-696238339468357608",
            "title": "5 FDA Decisions to Watch in the Second Half of 2024",
            "url": "https://www.biospace.com/article/5-fda-decisions-to-watch-in-the-second-half-of-2024/?s=85",
            "site": "biospace.com",
            "time": 1719187200000,
            "favicon_url": "https://static.tickertick.com/website_icons/biospace.com.ico",
            "tags": [
                "lly"
            ],
            "description": "The next six months for the FDA are primed to be as groundbreaking as the first six, with Eli Lilly\u2019s donanemab and Lykos Therapeutics\u2019 MDMA-assisted PTSD therapy on the docket, among others.",
            "tickers": [
                "lly"
            ]
        },
        {
            "id": "2844308306251121416",
            "title": "Apple, Meta, Trump Media, UPS, RXO, Eli Lilly, and More Stock Market Movers",
            "url": "https://www.barrons.com/articles/stock-market-movers-e5de247b",
            "site": "barrons.com",
            "time": 1719179665000,
            "favicon_url": "https://static.tickertick.com/website_icons/barrons.com.ico",
            "tags": [
                "lly"
            ],
            "similar_stories": [
                "-5591507681613197727"
            ],
            "tickers": [
                "lly"
            ]
        },
        {
            "id": "4741610987013172978",
            "title": "Lilly, Novo Nordisk to dominate weight loss therapy market: SA Investing Summit",
            "url": "https://seekingalpha.com/news/4118072-lilly-novo-nordisk-dominate-weight-loss-therapy-sa-investing-summit",
            "site": "seekingalpha.com",
            "time": 1719165600000,
            "favicon_url": "https://static.tickertick.com/website_icons/seekingalpha.com.ico",
            "tags": [
                "lly"
            ],
            "tickers": [
                "lly"
            ]
        },
        {
            "id": "8832805904924493948",
            "title": "ResMed, Philips under pressure as Eli Lilly seeks sleep indication for weight loss drug",
            "url": "https://seekingalpha.com/news/4118134-resmed-philips-stocks-fall-osa-potential-zepbound",
            "site": "seekingalpha.com",
            "time": 1719059262000,
            "favicon_url": "https://static.tickertick.com/website_icons/seekingalpha.com.ico",
            "tags": [
                "lly"
            ],
            "tickers": [
                "lly"
            ]
        },
        {
            "id": "-6965730937547342002",
            "title": "Takeda gets EU approval for Fruzaqla for colorectal cancer | $TAK $LLY $HCM",
            "url": "https://seekingalpha.com/news/4118039-takeda-gets-eu-approval-for-fruzaqla-for-colorectal-cancer",
            "site": "seekingalpha.com",
            "time": 1719001986000,
            "favicon_url": "https://static.tickertick.com/website_icons/seekingalpha.com.ico",
            "tags": [
                "lly"
            ],
            "tickers": [
                "lly"
            ]
        },
        {
            "id": "2835269797224347325",
            "title": "Mounjaro Drug Tirzepatide Could Treat Sleep Apnea, Study Finds",
            "url": "https://www.forbes.com/sites/roberthart/2024/06/21/mounjaro-drug-tirzepatide-could-treat-sleep-apnea-study-finds/",
            "site": "forbes.com",
            "time": 1719001800000,
            "favicon_url": "https://static.tickertick.com/website_icons/forbes.com.ico",
            "tags": [
                "lly"
            ],
            "description": "Drugmaker Eli Lilly is hoping tirzepatide, sold as Mounjaro and Zepbound for diabetes and weight loss, will become the first drug approved to treat sleep apnea, which it says affects some 80 million Americans, many of whom go undiagnosed and untreated. Drugmaker Eli Lilly is hoping tirzepatide, sold as Mounjaro and Zepbound for diabetes and weight loss, will become the first drug approved to treat sleep apnea, which it says affects some 80 million Americans, many of whom go undiagnosed and untreated.",
            "tickers": [
                "lly"
            ]
        },
        {
            "id": "477776895694819613",
            "title": "Lilly weight loss drug tirzepatide meets primary endpoint in sleep apnea study",
            "url": "https://seekingalpha.com/news/4118034-lilly-weight-loss-drug-tirzepatide-meets-primary-endpoint-sleep-apnea-study",
            "site": "seekingalpha.com",
            "time": 1719001459000,
            "favicon_url": "https://static.tickertick.com/website_icons/seekingalpha.com.ico",
            "tags": [
                "lly"
            ],
            "tickers": [
                "lly"
            ]
        },
        {
            "id": "-8935602794656831185",
            "title": "Eli Lilly expects FDA decision on weight loss drug Zepbound for sleep apnea as early as end of the year",
            "url": "https://www.cnbc.com/2024/06/21/eli-lilly-expects-fda-decision-on-zepbound-for-sleep-apnea-as-early-as-end-of-year.html",
            "site": "cnbc.com",
            "time": 1718999156000,
            "favicon_url": "https://static.tickertick.com/website_icons/cnbc.com.ico",
            "tags": [
                "lly"
            ],
            "description": "Some patients with obstructive sleep apnea and obesity who took the highest dose of Zepbound achieved \"disease resolution,\" in the two trials.",
            "tickers": [
                "lly"
            ]
        },
        {
            "id": "-1011177151294276734",
            "title": "Eli Lilly seeks FDA\u2019s OK to expand Zepbound\u2019s uses to include sleep apnea",
            "url": "https://www.marketwatch.com/story/eli-lilly-seeks-fdas-ok-to-expand-zepbounds-uses-to-include-sleep-apnea-f5ab49cb?mod=mw_rss_topstories",
            "site": "marketwatch.com",
            "time": 1718999100000,
            "favicon_url": "https://static.tickertick.com/website_icons/marketwatch.com.ico",
            "tags": [
                "lly"
            ],
            "description": "Eli Lilly said Friday that it has applied for U.S. regulatory approval to expand the use of its weight-loss drug Zepbound to include treatment of sleep apnea, as new data show the drug may help many people breathe easier at night.",
            "tickers": [
                "lly"
            ]
        },
        {
            "id": "-7257273617257870161",
            "title": "Hims & Hers defended at BofA as Lilly fights compounded GLP-1s | $LLY $HIMS $NVO $NONOF",
            "url": "https://seekingalpha.com/news/4117935-hims-stock-defended-lilly-fights-compounded-glp-1s",
            "site": "seekingalpha.com",
            "time": 1718977456000,
            "favicon_url": "https://static.tickertick.com/website_icons/seekingalpha.com.ico",
            "tags": [
                "lly"
            ],
            "tickers": [
                "lly"
            ]
        },
        {
            "id": "5090789170216851723",
            "title": "Fake weight loss drugs, and Novo Nordisk's CEO will face Bernie Sanders: Pharma news roundup",
            "url": "https://qz.com/fake-ozempic-weight-loss-drugs-novo-nordisk-pharma-news-1851551818",
            "site": "qz.com",
            "time": 1718960400000,
            "favicon_url": "https://static.tickertick.com/website_icons/qz.com.ico",
            "tags": [
                "lly"
            ],
            "description": "The World Health Organization issued a warning regarding fake batches of Ozempic in Europe and the U.S. the same day Eli Lilly filed lawsuits against companies selling counterfeit versions of its weight loss drug Zepbound. Gilead\u2019s HIV prevention injection was found to work with 100% efficacy in a clinical trial. Novo\u2026Read more...",
            "tickers": [
                "lly"
            ]
        },
        {
            "id": "3462257535776397137",
            "title": "Eli Lilly is stepping up its campaign against fake and counterfeit weight-loss drugs with more lawsuits.",
            "url": "https://www.wsj.com/health/pharma/eli-lilly-files-more-lawsuits-at-sellers-of-counterfeit-mounjaro-zepbound-9457d8ac",
            "site": "wsj.com",
            "time": 1718928900000,
            "favicon_url": "https://static.tickertick.com/website_icons/wsj.com.ico",
            "tags": [
                "lly"
            ],
            "description": "Eli Lilly is stepping up its campaign against fake and counterfeit weight-loss drugs with more lawsuits.",
            "tickers": [
                "lly"
            ]
        },
        {
            "id": "2868538456543831874",
            "title": "Lilly's tirzepatide reduced obstructive sleep apnea (OSA) severity, with up to 51.5% of participants meeting the criteria for disease resolution",
            "url": "https://www.biospace.com/article/releases/lilly-s-tirzepatide-reduced-obstructive-sleep-apnea-osa-severity-with-up-to-51-5-percent-of-participants-meeting-the-criteria-for-disease-resolution/?s=69",
            "site": "biospace.com",
            "time": 1718928000000,
            "favicon_url": "https://static.tickertick.com/website_icons/biospace.com.ico",
            "tags": [
                "lly"
            ],
            "description": "Eli Lilly and Company (NYSE: LLY) announced detailed results from the SURMOUNT-OSA phase 3 clinical trials evaluating tirzepatide injection (10 mg or 15 mg) for the treatment of moderate-to-severe obstructive sleep apnea (OSA) in adults with obesity, with and without positive airway pressure (PAP) therapy.",
            "tickers": [
                "lly"
            ]
        },
        {
            "id": "-3226966619339304822",
            "title": "Eli Lilly is cracking down on knock off versions of its popular weight loss and diabetes drug",
            "url": "https://qz.com/eli-lilly-fake-zepbound-1851550525",
            "site": "qz.com",
            "time": 1718894520000,
            "favicon_url": "https://static.tickertick.com/website_icons/qz.com.ico",
            "tags": [
                "lly"
            ],
            "description": "Eli Lilly announced today that it is taking legal action against six entities for selling unapproved versions of its popular weight loss and diabetes medication tirzepatide \u2014 the generic name of Mounjaro and Zepbound. Read more...",
            "tickers": [
                "lly"
            ]
        },
        {
            "id": "5249219376726597022",
            "title": "Eli Lilly ramps up efforts against fake weight loss drugs",
            "url": "https://seekingalpha.com/news/4117468-eli-lilly-ramps-up-efforts-against-fake-weight-loss-drugs",
            "site": "seekingalpha.com",
            "time": 1718888575000,
            "favicon_url": "https://static.tickertick.com/website_icons/seekingalpha.com.ico",
            "tags": [
                "lly"
            ],
            "tickers": [
                "lly"
            ]
        },
        {
            "id": "8100081413213474647",
            "title": "Executives Share Top Tips for a Successful Career Journey",
            "url": "https://www.biospace.com/article/executives-share-top-tips-for-a-successful-career-journey/",
            "site": "biospace.com",
            "time": 1718856358000,
            "favicon_url": "https://static.tickertick.com/website_icons/biospace.com.ico",
            "tags": [
                "lly"
            ],
            "description": "Four executives with collective decades spent at BMS, Roche, Astellas, Eli Lilly and more gave their insights on navigating a biopharma career during a Monday DIA panel in San Diego.",
            "tickers": [
                "lly"
            ]
        },
        {
            "id": "-5578308811737064250",
            "title": "Lilly Takes More Legal Actions Over Compounded Tirzepatide, Warns About Count...",
            "url": "https://www.biospace.com/article/lilly-takes-further-legal-actions-over-compounded-tirzepatide-warns-about-counterfeits/?s=95",
            "site": "biospace.com",
            "time": 1718841600000,
            "favicon_url": "https://static.tickertick.com/website_icons/biospace.com.ico",
            "tags": [
                "lly"
            ],
            "description": "Eli Lilly on Thursday said it is again suing spas and clinics over compounded and counterfeit forms of tirzepatide, the active ingredient in blockbusters Mounjaro and Zepbound, which the pharma says can cause harmful side effects.",
            "tickers": [
                "lly"
            ]
        },
        {
            "id": "3824206911841091406",
            "title": "Lilly files more lawsuits to curb sales of counterfeit Mounjaro",
            "url": "https://www.reuters.com/business/healthcare-pharmaceuticals/lilly-files-additional-lawsuits-over-us-sales-counterfeit-mounjaro-2024-06-20/",
            "site": "reuters.com",
            "time": 1718841600000,
            "favicon_url": "https://static.tickertick.com/website_icons/reuters.com.ico",
            "tags": [
                "lly"
            ],
            "tickers": [
                "lly"
            ]
        },
        {
            "id": "6726517031842677392",
            "title": "Lilly Takes More Legal Actions Over Compounded Tirzepatide, Warns About Counterfeits",
            "url": "https://www.biospace.com/article/lilly-takes-further-legal-actions-over-compounded-tirzepatide-warns-about-counterfeits/?s=89",
            "site": "biospace.com",
            "time": 1718841600000,
            "favicon_url": "https://static.tickertick.com/website_icons/biospace.com.ico",
            "tags": [
                "lly"
            ],
            "similar_stories": [
                "-5578308811737064250"
            ],
            "description": "Eli Lilly on Thursday said it is again suing spas and clinics over compounded and counterfeit forms of tirzepatide, the active ingredient in blockbusters Mounjaro and Zepbound, which the pharma says can cause harmful side effects.",
            "tickers": [
                "lly"
            ]
        },
        {
            "id": "-7795032731333240348",
            "title": "Hims & Hers defended at BofA as Lilly fights compounded GLP-1s",
            "url": "https://seekingalpha.com/news/4117935-hims-stock-defended-lilly-fights-compounded-glp-1s?source=content_type%3Areact%7Cfirst_level_url%3Ahome%7Csection%3Atrending_news%7Cline%3A9",
            "site": "seekingalpha.com",
            "time": 1718814985000,
            "favicon_url": "https://static.tickertick.com/website_icons/seekingalpha.com.ico",
            "tags": [
                "lly"
            ],
            "similar_stories": [
                "-7257273617257870161"
            ],
            "tickers": [
                "lly"
            ]
        },
        {
            "id": "-8515492516442273285",
            "title": "Eli Lilly oral weight-loss candidate orfoglipron is potential winner: SA Summit",
            "url": "https://seekingalpha.com/news/4117103-eli-lilly-oral-weight-loss-candidate-orfoglipron-potential-winner-sa-summit",
            "site": "seekingalpha.com",
            "time": 1718732968000,
            "favicon_url": "https://static.tickertick.com/website_icons/seekingalpha.com.ico",
            "tags": [
                "lly"
            ],
            "tickers": [
                "lly"
            ]
        },
        {
            "id": "-5280227758994534628",
            "title": "Eli Lilly\u2019s oral weight-loss drug is potential winner, analyst says",
            "url": "https://seekingalpha.com/news/4117103-eli-lillys-oral-weight-loss-drug-is-potential-winner-analyst-says",
            "site": "seekingalpha.com",
            "time": 1718731813000,
            "favicon_url": "https://static.tickertick.com/website_icons/seekingalpha.com.ico",
            "tags": [
                "lly"
            ],
            "tickers": [
                "lly"
            ]
        },
        {
            "id": "-3401898144470588007",
            "title": "Broadcom passes Eli Lilly to become 8th largest U.S. company by market cap",
            "url": "https://www.marketwatch.com/bulletins/redirect/go?g=6242875c-aabb-404b-a327-27ac46427fa9&mod=mw_rss_bulletins",
            "site": "marketwatch.com",
            "time": 1718658160000,
            "favicon_url": "https://static.tickertick.com/website_icons/marketwatch.com.ico",
            "tags": [
                "lly"
            ],
            "tickers": [
                "lly"
            ]
        },
        {
            "id": "-6935338331451148981",
            "title": "Broadcom just keeps getting bigger as it\u2019s deemed best AI stock besides Nvidia",
            "url": "https://www.marketwatch.com/story/broadcom-just-keeps-getting-bigger-as-its-deemed-best-ai-stock-besides-nvidia-26e1bcac?mod=mw_rss_topstories",
            "site": "marketwatch.com",
            "time": 1718654100000,
            "favicon_url": "https://static.tickertick.com/website_icons/marketwatch.com.ico",
            "tags": [
                "lly"
            ],
            "description": "Broadcom is set to pass Eli Lilly and become the eighth-largest U.S. company by market cap.",
            "tickers": [
                "lly"
            ]
        },
        {
            "id": "-7687295470011591775",
            "title": "How Eli Lilly is managing soaring demand for GLP-1s, according to outgoing CFO Anat Ashkenazi",
            "url": "https://www.cnbc.com/2024/06/17/eli-lilly-cfo-anat-ashkenazi-on-managing-soaring-demand-for-glp-1s.html",
            "site": "cnbc.com",
            "time": 1718629201000,
            "favicon_url": "https://static.tickertick.com/website_icons/cnbc.com.ico",
            "tags": [
                "lly"
            ],
            "description": "Ashkenazi has been key to managing the windfall in revenue and wave of investor optimism from Eli Lilly's diabetes injection Mounjaro and obesity drug Zepbound.",
            "tickers": [
                "lly"
            ]
        },
        {
            "id": "-7329498841714593617",
            "title": "Two Is Better Than One in the Alzheimer's Market",
            "url": "https://www.wsj.com/articles/two-is-better-than-one-in-the-alzheimers-market-2b2e6aca?mod=rss_markets_main",
            "site": "wsj.com",
            "time": 1718622000000,
            "favicon_url": "https://static.tickertick.com/website_icons/wsj.com.ico",
            "tags": [
                "lly"
            ],
            "description": "The approval of Eli Lilly\u2019s Alzheimer\u2019s drug donanemab could help build momentum for Biogen\u2019s struggling drug Leqembi.",
            "tickers": [
                "lly"
            ]
        },
        {
            "id": "-6911922922768091311",
            "title": "Food companies worried about weight loss drugs can just make healthier food, Eli Lilly CEO says",
            "url": "https://qz.com/weight-loss-drugs-food-companies-eli-lilly-zepbound-1851540483",
            "site": "qz.com",
            "time": 1718381220000,
            "favicon_url": "https://static.tickertick.com/website_icons/qz.com.ico",
            "tags": [
                "lly"
            ],
            "description": "David Ricks, the CEO of Mounjaro and Zepbound maker Eli Lilly, says that food, diet, and fitness companies have called him for advice regarding the growing popularity of the company\u2019s diabetes and weight loss drugs.Read more...",
            "tickers": [
                "lly"
            ]
        },
        {
            "id": "-8250657030683271560",
            "title": "Eli Lilly wants to replace Zepbound with an even stronger weight loss drug",
            "url": "https://qz.com/eli-lilly-successor-1851540206",
            "site": "qz.com",
            "time": 1718376240000,
            "favicon_url": "https://static.tickertick.com/website_icons/qz.com.ico",
            "tags": [
                "lly"
            ],
            "description": "Skyrocketing sales of tirzepatide \u2014 the active ingredient in Mounjaro and Zepbound \u2014 transformed Eli Lilly into the most valuable pharmaceutical company in the world, however CEO David Ricks says the company is looking ahead to a successor of the blockbuster drug.Read more...",
            "tickers": [
                "lly"
            ]
        },
        {
            "id": "3286298821677970849",
            "title": "Lilly's Weight-Loss Drug Is a Huge Hit. Its CEO Wants to Replace It ASAP.",
            "url": "https://www.wsj.com/articles/david-ricks-eli-lilly-ceo-a67f90d7",
            "site": "wsj.com",
            "time": 1718326800000,
            "favicon_url": "https://static.tickertick.com/website_icons/wsj.com.ico",
            "tags": [
                "lly"
            ],
            "similar_stories": [
                "4454963219100037849",
                "-8430659558318089982",
                "345278125230382963",
                "3137196241217704767",
                "-340543023913416496",
                "-2937008513491555096",
                "1889587827666139839",
                "-5592374763843274504",
                "1425248215836277305",
                "2024030230649319160",
                "8324703570663900781",
                "-6089032431320157814",
                "-7396054066670462346",
                "4741610987013172978",
                "8832805904924493948",
                "2835269797224347325",
                "477776895694819613",
                "-8935602794656831185",
                "-1011177151294276734",
                "3462257535776397137",
                "5249219376726597022",
                "-8515492516442273285",
                "-5280227758994534628",
                "-6911922922768091311",
                "-8250657030683271560"
            ],
            "description": "Dave Ricks is pushing his scientists to find an even more potent anti-obesity treatment. \u201cLilly\u2019s got a lead, and we plan to exploit that lead.\u201d",
            "tickers": [
                "lly"
            ]
        },
        {
            "id": "-4823270282309984727",
            "title": "J.P. Morgan Private Capital raises over $500M for life sciences fund | $JPM $NVO $LLY $NONOF",
            "url": "https://seekingalpha.com/news/4115629-jp-morgan-private-capital-raises-over-500m-for-life-sciences-fund",
            "site": "seekingalpha.com",
            "time": 1718286580000,
            "favicon_url": "https://static.tickertick.com/website_icons/seekingalpha.com.ico",
            "tags": [
                "lly"
            ],
            "tickers": [
                "lly"
            ]
        },
        {
            "id": "-9023934886026368797",
            "title": "Lilly's Retevmo gains traditional approval in thyroid cancer | $LLY",
            "url": "https://seekingalpha.com/news/4115326-lilly-retevmo-gains-traditional-approval-in-thyroid-cancer",
            "site": "seekingalpha.com",
            "time": 1718217557000,
            "favicon_url": "https://static.tickertick.com/website_icons/seekingalpha.com.ico",
            "tags": [
                "lly"
            ],
            "tickers": [
                "lly"
            ]
        },
        {
            "id": "310108611597993540",
            "title": "Palatin starts Phase 2 obesity study of bremelanotide with Zepbound | $PTN $LLY",
            "url": "https://seekingalpha.com/news/4115213-palatin-starts-phase-2-obesity-study-of-bremelanotide-with-zepbound",
            "site": "seekingalpha.com",
            "time": 1718202450000,
            "favicon_url": "https://static.tickertick.com/website_icons/seekingalpha.com.ico",
            "tags": [
                "lly"
            ],
            "tickers": [
                "lly"
            ]
        }
    ],
    "last_id": "310108611597993540"
}