{
    "stories": [
        {
            "id": "-6312568327858311637",
            "title": ": AMD\u2019s stock carries downside risk, Citi warns",
            "url": "http://www.marketwatch.com/news/story/amds-stock-carries-downside-risk/story.aspx?guid=%7B20C06575%2D04D4%2DB545%2D722D%2DC99C13B07F02%7D&siteid=rss",
            "site": "marketwatch.com",
            "time": 1689601080000,
            "favicon_url": "https://static.tickertick.com/website_icons/marketwatch.com.ico",
            "tags": [
                "amd"
            ],
            "similar_stories": [
                "452899412044540340"
            ],
            "description": "Citi Research analyst Christopher Danely opened a downside 90-day catalyst watch on shares of Advanced Micro Devices Inc. AMD Monday, warning of potential risks to key markets. \u201cWe expect downside to estimates driven by the correction in the data center/gaming/embedded markets,\u201d which are expected to make up about 84% of sales for the calendar year, he wrote. Danely has a neutral rating on AMD\u2019s stock and said he sees possible downside to consensus expectations amid \u201cstrong expectations driven by the MI 300 chip ramp.\u201d Meanwhile, the company\u2019s market-share gains in servers could be offset by a general data-center slowdown. AMD shares were off 1.6% shortly after Monday\u2019s open. Market Pulse Stories are Rapid-fire, short news bursts on stocks and markets as they move. Visit MarketWatch.com for more information on this news.",
            "tickers": [
                "amd"
            ]
        },
        {
            "id": "7271962781961334080",
            "title": "AMD slips as Citi starts negative 90-day catalyst watch",
            "url": "https://seekingalpha.com/news/3987950-amd-slips-citi-starts-negative-90-day-catalyst-watch",
            "site": "seekingalpha.com",
            "time": 1689595323000,
            "favicon_url": "https://static.tickertick.com/website_icons/seekingalpha.com.ico",
            "tags": [
                "amd"
            ],
            "tickers": [
                "amd"
            ]
        },
        {
            "id": "2568142180791704655",
            "title": "Apple, Alphabet And Advanced Micro Devices: Lack Of Higher Highs",
            "url": "https://www.forbes.com/sites/johnnavin/2023/07/15/apple-alphabet-and-advanced-micro-devices-lack-of-higher-highs/",
            "site": "forbes.com",
            "time": 1689440158000,
            "favicon_url": "https://static.tickertick.com/website_icons/forbes.com.ico",
            "tags": [
                "amd"
            ],
            "description": "The July consumer price index came in lower than previous months but these big-name tech stocks failed to get that excited about the news. The July consumer price index came in lower than previous months but these big-name tech stocks failed to get that excited about the news.",
            "tickers": [
                "amd"
            ]
        },
        {
            "id": "452899412044540340",
            "title": "9:38a AMD\u2019s stock carries downside risk, Citi warns",
            "url": "https://www.marketwatch.com/story/amds-stock-carries-downside-risk-citi-warns-6927d5b2?mod=mw_latestnews",
            "site": "marketwatch.com",
            "time": 1689428352000,
            "favicon_url": "https://static.tickertick.com/website_icons/marketwatch.com.ico",
            "tags": [
                "amd"
            ],
            "tickers": [
                "amd"
            ]
        },
        {
            "id": "3749391947545881408",
            "title": "AMD and MassRobotics Announce Winners of the AMD Robotics Innovation Challenge",
            "url": "https://www.automation.com/en-us/articles/july-2023/amd-massrobotics-announce-winners-amd-robotics",
            "site": "automation.com",
            "time": 1689224400000,
            "favicon_url": "https://static.tickertick.com/website_icons/automation.com.ico",
            "tags": [
                "amd"
            ],
            "description": "MassRobotics, in collaboration with AMD, is pleased to announce the AMD Robotics Innovation Challenge winners.",
            "tickers": [
                "amd"
            ]
        },
        {
            "id": "-6438602732420694895",
            "title": "Kryo: Qualcomm\u2019s Last In-House Mobile Core",
            "url": "https://chipsandcheese.com/2023/07/12/kryo-qualcomms-last-in-house-mobile-core/",
            "site": "chipsandcheese.com",
            "time": 1689209785000,
            "favicon_url": "https://static.tickertick.com/website_icons/chipsandcheese.com.ico",
            "tags": [
                "amd"
            ],
            "description": "CPU design is hard. You can tell because there aren\u2019t a lot of companies doing it. AMD and Intel are\u2026 CPU design is hard. You can tell because there aren\u2019t a lot of companies doing it. AMD and Intel are your only choices in the PC scene. In the Android ecosystem, ARM Ltd\u2019s cores dominate. Qualcomm, MediaTek, Samsung and other SoC makers put chips together with varying core counts, GPUs, and other IP blocks. The architecture in all of their CPU cores today, however, comes from ARM the company. If it\u2019s not directly branded as ARM Cortex, you can bet it\u2019s a customized version of an ARM Cortex core. But things weren\u2019t always that way. Samsung used to make their own \u201cMongoose\u201d cores up to 2019. Qualcomm did the same up to 2016 with the Kryo architecture. Kryo is special. It would be Qualcomm\u2019s first and last 64-bit ARM core. It would also be Qualcomm\u2019s first and only shot at creating an in-house hybrid core designs. Among hybrid core designs, it\u2019s also unique in using the same microarchitecture in both \u201cbig\u201d and \u201clittle\u201d clusters, with different clock speeds and cache configurations. lscpu output for Kryo, showing the two clusters. Little cores rarely clock to their maximum 2.18 GHz, and instead tend to hang out around 1.58 GHz under load. Kryo debuted in the Snapdragon 820. There, it succeeded the badly received Snapdragon 810. In Qualcomm\u2019s CPU history, Kryo comes after a line of venerable in-house 32-bit ARM cores like Scorpion and Krait. Here, we\u2019re testing Kryo in the Snapdragon 821, as implemented in the LG G6. Because the phone is running Android, testing is an absolute nightmare because of system noise. On top of that, memory latency can\u2019t be tested with huge pages because Android doesn\u2019t support that. I\u2019m trying my best here, but please take the test result with a grain of salt. Block Diagram Kryo is an aggressive design for a 2016 mobile core. It\u2019s a 4-wide out-of-order architecture with substantial reordering capacity and ample execution resources. ARM\u2019s cores around that time include the 3-wide Cortex-A72 and 2-wide Cortex-A73. Core width says little about performance, but A72 and A73 are less ambitious than Kryo in most respects. A rough diagram of the Kryo architecture, pretty much completely from reverse engineering Frontend: Branch Predictor A CPU\u2019s branch predictor sits at the start of the pipeline, and is responsible for steering the CPU in the right direction. Going down the wrong path means wasted work, and wasted work means lost performance and wasted power. CPU designers have to strike a balance though, because a more sophisticated branch predictor will cost more power and area. Kryo gets modest branch prediction capabilities. It can recognize patterns about as well as Cortex-A72, but doesn\u2019t do well when a lot of branches are in play. It\u2019s far less capable than Skylake, which is expected for a low power core. Branch Target Caching Speed is important for a branch predictor too. A program will typically have a branch about every ten instructions. Stalling for less time after a taken branch is a good thing. High performance CPUs like Intel\u2019s Skylake attack this problem with a very large, very fast cache of branch targets. Kryo, however, has a different set of design parameters. It\u2019s not meant to handle heavy lifting the way desktop CPUs do, so it doesn\u2019t have to clock very high. Because it goes into a mobile SoC, core area and power take precedence over absolute performance. With that in mind, it looks like Kryo\u2019s designers opted for a conservative approach to branch target caching. For tiny loops, an 8-entry branch target buffer (BTB) can handle branches back to back. After all, there might not be another BTB. Instead, Qualcomm might be using a fast branch address calculator alongside a L0 + L1 instruction caching setup. Krait used a L0 instruction cache, so there\u2019s precedent within Qualcomm for such an approach. If so, we\u2019d be looking at a 8 KB L0 cache with 2-cycle latency. Past 8 KB, branch penalty varies, but is generally within the cycle counts we\u2019d expect for a last-level BTB hit. For example, AMD\u2019s Piledriver and Zen 2 suffer 5-cycle latency when using their L2 BTBs. Branch predictor cannot effectively drive instruction prefetching, because taken branch latency increases dramatically as the test exceeds L1 instruction cache (L1i) capacity. Exceeding L2 capacity is painful. The largest test size with a branch every 32 bytes and 32768 branches has a 1 MB instruction footprint, and wound up taking nearly 100 cycles per branch. For the sake of morale, I\u2019ve adjusted the graph not to show this. Kryo turns in a good showing next to ARM\u2019s Cortex-A72, especially for small code footprints. ARM\u2019s contemporary architecture cannot handle back-to-back taken branches at all. Cortex-A72 is slower when using its main BTB than when Kryo fetches branches from its L0 and calculates targets on the fly. Past 8 KB, differences start to even out. Indirect Branch Prediction Programmers are fond of using lower performance languages and coding patterns to piss off CPU architects. Object-oriented languages use vtables to associate method code with objects. That often means one branch can go to several different targets (i.e., an indirect branch) depending on the programmer\u2019s level of object disorientation. Similarly, switch-case statements can also be compiled into an indirect branch. As a coping mechanism, CPU architects have implemented indirect branch predictors. Indirect predictors track multiple targets per branch, and choose between them typically according to global history. Kryo\u2019s indirect predictor is reasonably capable for a low power implementation. It can cope with 16 targets for a single branch, or up to 64 total targets if each indirect branch only cycles between two targets. ARM\u2019s Cortex-A72 has similar coping capabilities for a single troublesome indirect branch, but can cope a bit better when there are a lot of indirect branches. In testing, it had reasonably low penalties out to 128 branches, with two targets each. Return Prediction Return is a special case of indirect branches because it\u2019s used to return from function calls. That usually means they line up with a preceding call, making prediction easy. The branch predictor can simply maintain a stack of return addresses, push to it whenever there\u2019s a call, and pop off an address to predict a return. Kryo has a 16-entry return stack, which should be deep enough for most cases. Intel architectures going back to Core 2 also had a 16-entry return stack. Cortex-A72 has a substantially deeper return stack, hinting at different optimization priorities. Frontend: Instruction Fetch Once the branch predictor has determined where to go, the frontend has to fetch instructions and feed them to the rest of the pipeline. Kryo uses a 32 KB L1i to speed this up. From the L1i, Kryo can fetch and decode up to four instructions per cycle. ARM\u2019s Cortex-A72 has a three-wide frontend fed by a larger 48 KB L1i. The Cortex-A73 used on the next generation of Snapdragon SoCs only has a 2-wide decoder, so Kryo\u2019s frontend is quite wide for a mobile core of its time. If Kryo has to fetch code from L2, frontend throughput takes a sharp drop to just under 1 IPC. This is quite common for low power cores. Older desktop cores also struggle to keep up frontend bandwidth after a L1i miss, so this weakness is understandable. Kryo only loses significantly when compared to high performance desktop and server architectures from just a few years before it launched. Rename and Allocate A CPU\u2019s renamer takes micro-ops from the frontend and allocates resources to track them in the backend. This stage typically does register renaming, helping to break false write-after-write dependencies and expose more instruction level parallelism to the backend. Because the renamer basically does an extra level of translation by mapping architectural, program-visible registers to internal entries in a physical register file, it\u2019s also a convenient place to pull other tricks. Kryo doesn\u2019t do anything besides good old register renaming. There\u2019s no special zeroing idiom recognition. However, that\u2019s not a big problem for Kryo, because ARM instructions are always four bytes. On x86 CPUs, zeroing a register by xor-ing it with itself or subtracting it from itself would give you a smaller instruction footprint, because register to register math instructions could be encoded in two or three bytes (versus five or more bytes for a move-immediate instruction). Move elimination is also absent on Kryo, but I really can\u2019t hold this against Qualcomm because ARM didn\u2019t figure this out until a few generations later. Out of Order Execution Out of order execution is essential to high performance, because it lets CPUs move past long latency instructions and attempt to hide that latency by finding other independent instructions. Long long ago, out of order execution was purely in the realm of high power devices, because it needs large buffers to track in-flight instructions and very timing-critical structures like schedulers. However, advances in process technology have made out of order execution feasible within a cell phone sized power budget. Kryo is implemented on Samsung\u2019s 14nm FinFET process, which is modern enough to let it implement a reasonably sized out of order execution engine. Kryo offers similar maximum reordering capacity to ARM\u2019s Cortex A72, but deals with other out of order buffers very differently. Qualcomm\u2019s core looks very strong for branch-heavy integer code, while A72 places more emphasis on scalar floating point stuff. StructureApplies if instruction\u2026Kryo CapacityA72 CapacityReorder Buffer (ROB)Exists~122?128Integer Register File, Speculative CapacityWrites to a scalar integer register7464FP/Vector Register File, Speculative CapacityWrites to a floating point or NEON/ASIMD register35 (regardles",
            "tickers": [
                "amd"
            ]
        },
        {
            "id": "6709780057783290011",
            "title": "AMD\u2019s AI Chips Could Be a Multibillion-Dollar Opportunity, Analyst Says",
            "url": "https://www.barrons.com/articles/amd-stock-price-ai-chips-5d261e92?siteid=yhoof2&yptr=yahoo",
            "site": "barrons.com",
            "time": 1689194760000,
            "favicon_url": "https://static.tickertick.com/website_icons/barrons.com.ico",
            "tags": [
                "amd"
            ],
            "tickers": [
                "amd"
            ]
        },
        {
            "id": "-3190010809331054993",
            "title": "Microsoft\u2019s Chiplet Cloud To Bring The Cost Of LLMs Way Down",
            "url": "https://www.nextplatform.com/2023/07/12/microsofts-chiplet-cloud-to-bring-the-cost-of-llms-way-down/",
            "site": "nextplatform.com",
            "time": 1689186266000,
            "favicon_url": "https://static.tickertick.com/website_icons/nextplatform.com.ico",
            "tags": [
                "amd"
            ],
            "description": "If Nvidia and AMD are licking their lips thinking about all of the GPUs they can sell to Microsoft to support its huge aspirations in generative AI \u2013 particularly when it comes to the OpenAI GPT large language model that is the centerpiece of all of the company\u2019s future software and services \u2013 they had better think again. \u2026 The post Microsoft\u2019s Chiplet Cloud To Bring The Cost Of LLMs Way Down first appeared on The Next Platform. Microsoft\u2019s Chiplet Cloud To Bring The Cost Of LLMs Way Down was written by Timothy Prickett Morgan at The Next Platform.",
            "tickers": [
                "amd"
            ]
        },
        {
            "id": "-6137801816867020664",
            "title": "AMD Quietly Introduces Ryzen 3 5100 Quad-Core Processor For AM4",
            "url": "https://www.anandtech.com/show/18949/amd-quietly-introduces-ryzen-3-5100-quad-core-processor-for-am4",
            "site": "anandtech.com",
            "time": 1689166800000,
            "favicon_url": "https://static.tickertick.com/website_icons/anandtech.com.ico",
            "tags": [
                "amd"
            ],
            "description": "Further to AMD's latest Micro Center exclusive processor, the Ryzen 5 5600X3D with 3D V-Cache, AMD has seemingly introduced a budget-focused quad-core processor based on their Zen 3 architecture. Officially confirmed via GIGABYTE's CPU support pages for their AM4 motherboards, an unannounced Zen 3 CPU is listed in the way of the Ryzen 3 5100 processor. Despite offering a wide variety of their latest Ryzen 7000 chips based on the Zen 5 architecture, AMD looks to be making good on their promise of still supporting their AM4 platform as we advance, but how many more chips are still to come remains to be seen. Despite its growing age, the AM4 platform still offers exceptional value for money, primarily through their X3D chips with additional 3D packaged V-Cache. Despite AMD offering no official clarification on the launch of the Ryzen 3 5100, GIGABYTE is listing this processor through its official CPU support lists on their AM4 motherboards, which confirms this chip exists. When a processor makes it onto a CPU support list, this means that the processors in question, such as the Ryzen 7 5700 and Ryzen 3 5100, have been tested on the relevant platform and motherboard to confirm compatibility, as well as operating at the intended specifications by the processor manufacturer; in this case, AMD. GIGABYTE also lists the Ryzen 7 5700, which appears to be a 'new' SKU, at least because it has been unobtainable through retail channels. This isn't the case, as AMD confirmed that the Ryzen 7 5700, based on the same Cezanne Core typically found on AMD's Ryzen 5000 chips bearing the G nomenclature, has been available through OEM partners. One example is a variant of CyberPower's Gamer Master desktop system, which has the Ryzen 7 5700 and an NVIDIA GeForce RTX 3060 graphics card. Touching more on the Cezanne core, the G nomenclature denotes that the chip has integrated graphics. These were part of AMD's APU line-up, which included solid entry-level integrated graphics alongside the current generation cores taken from the regular desktop series. Although the typical Vermeer cores were the mainstay of the Zen 3 desktop processors, it's possible that AMD recycled some of its APUs for the Ryzen 7 5700 and Ryzen 3 5100, which is one reason they might have the Cezanne cores but without the integrated graphics. AMD Ryzen 5000 Series Processors for Desktop (Zen 3) As of 07/11/23 AnandTech Core/ Thread Base Freq 1T Freq L3 Cache Core uArch iGPU TDP Price (Amazon) Ryzen 9 5950X 16 32 3400 4900 64 MB Vermeer - 105 W $440 Ryzen 9 5900X 12 24 3700 4800 64 MB Vermeer - 105 W $275 Ryzen 9 5900 12 24 3000 4700 64 MB Vermeer - 65 W OEM Ryzen 7 5800X3D 8 16 3400 4500 96 MB Vermeer - 105 W $278 Ryzen 7 5800X 8 16 3800 4700 32 MB Vermeer - 105 W $236 Ryzen 7 5800 8 16 3400 4600 32 MB Vermeer - 65 W OEM Ryzen 7 5700X 8 16 3400 4600 32 MB Vermeer - 65 W $174 Ryzen 7 5700G 8 16 3800 4600 16 MB Cezanne 8CU, 2000 MHz 65 W $178 Ryzen 7 5700 8 16 3700 4600 16 MB Cezanne - 65 W OEM Ryzen 5 5600X3D 6 12 3300 4400 96 MB Vermeer - 105 W $230* Ryzen 5 5600X 6 12 3700 4600 32 MB Vermeer - 65 W $134 Ryzen 5 5600 6 12 3500 4400 32 MB Vermeer - 65 W OEM Ryzen 5 5600G 6 12 3900 4400 16 MB Cezanne 7CU, 1900 MHz 65 W $129 Ryzen 3 5300G 4 8 4000 4200 8 MB Cezanne 6CU, 1700 MHz 65 W - Ryzen 3 5100 4 8 3800 4200 8 MB Cezanne - 65 W ? *AMD Ryzen 5 5600X3D is a Micro Center Exclusive processor. The AMD Ryzen 3 5100 is an entry-level quad-core (4C/8T) offering, which is also based on AMD's APU-focused Cezanne microarchitecture. Outside of the Ryzen 5000G series of chips, the Ryzen 3 5100 is also the only quad-core variant for desktops from the 5000 series that doesn't feature integrated graphics. The Ryzen 3 5100 comes with a modest 8 MB of L3 cache, a base frequency of 3.8 GHz. a boost frequency of up to 4.2 GHz, support for DDR4-3200 memory, and a 65 W TDP. Despite the Ryzen 7 5700 not being available in retail channels, the Ryzen 7 5700 (8C/16T) is only available through OEM channels, and Ryzen 3 5100 (4C/8T) looks to bolster the already extensive selection of chips compatible with AMD's AM4 platform. It is worth noting that these chips have been supported on GIGABYTE's B550 Gaming X motherboard since BIOS revision F14, which is a more recent update as GIGABYTE's AM4 platform is currently sitting on the F16c firmware at the time of writing. Touching on availability, the Ryzen 3 5100 was meant to be part of a selection of chips due to launch last year around the same time as the Ryzen 7 5800X3D did in April 2022. Alas, that did not happen as expected, and we did reach out to AMD, who confirmed the Ryzen 7 5700 has been available in OEM channels since last year. The Ryzen 3 5100 could be OEM only, but there are no examples of this chip in any OEM partner systems (not that we can find), and AMD remains tight-lipped on its existence or availability.",
            "tickers": [
                "amd"
            ]
        },
        {
            "id": "9046625667712027477",
            "title": "AMD-powered LUMI supercomputer lets TurkuNLP create new AI models quickly",
            "url": "https://venturebeat.com/ai/amd-powered-lumi-supercomputer-lets-turkunlp-create-new-ai-models-quickly/",
            "site": "venturebeat.com",
            "time": 1689166800000,
            "favicon_url": "https://static.tickertick.com/website_icons/venturebeat.com.ico",
            "tags": [
                "amd"
            ],
            "description": "Powered by AMD's chips, the LUMI supercomputer has enabled the TurkuNLP Group to create new models quickly. Powered by AMD's chips, the LUMI supercomputer has enabled the TurkuNLP Group to create new models quickly.Read More",
            "tickers": [
                "amd"
            ]
        },
        {
            "id": "6740559062189694773",
            "title": "Intel 14th Gen Raptor Lake Refresh Gets More Cores Again In Surprise Move",
            "url": "https://www.forbes.com/sites/antonyleather/2023/07/12/intel-14th-gen-raptor-lake-refresh-gets-more-cores-again-in-surprise-move/",
            "site": "forbes.com",
            "time": 1689164162000,
            "favicon_url": "https://static.tickertick.com/website_icons/forbes.com.ico",
            "tags": [
                "amd"
            ],
            "description": "AMD could be a in big trouble if the latest rumors about Intel's highly anticipated 14th Gen Raptor Lake refresh processors are true, first with a core count-boosted C... AMD could be a in big trouble if the latest rumors about Intel's highly anticipated 14th Gen Raptor Lake refresh processors are true, first with a core count-boosted C...",
            "tickers": [
                "amd"
            ]
        },
        {
            "id": "9156819851206843702",
            "title": "Lawrence Livermore National Lab Begins Building El Capitan Supercomputer",
            "url": "https://www.datacenterknowledge.com/supercomputers/lawrence-livermore-national-lab-begins-building-el-capitan-supercomputer",
            "site": "datacenterknowledge.com",
            "time": 1689138000000,
            "favicon_url": "https://static.tickertick.com/website_icons/datacenterknowledge.com.ico",
            "tags": [
                "amd"
            ],
            "description": "The 2-exaflop system, powered by HPE Cray hardware and the latest generation AMD processors, could become world's fastest supercomputer when it goes live in 2024.",
            "tickers": [
                "amd"
            ]
        },
        {
            "id": "8596821603701953811",
            "title": "Company Close Updates: Advanced Micro Devices Inc. stock falls Tuesday, underperforms market",
            "url": "http://www.marketwatch.com/news/story.asp?guid=%7B3920B581-3BF3-4BF9-B552-2CD3B46E9D89%7D&siteid=nf-rss",
            "site": "marketwatch.com",
            "time": 1689107842000,
            "favicon_url": "https://static.tickertick.com/website_icons/marketwatch.com.ico",
            "tags": [
                "amd"
            ],
            "tickers": [
                "amd"
            ]
        },
        {
            "id": "5776851631623574662",
            "title": "Is AMD\u2019s Surprise Ryzen 5 5600X3D Perfect For Budget Gamers?",
            "url": "https://www.forbes.com/sites/antonyleather/2023/07/11/is-amds-surprise-ryzen-5-5600x3d---perfect-for-budget-gamers/",
            "site": "forbes.com",
            "time": 1689099698000,
            "favicon_url": "https://static.tickertick.com/website_icons/forbes.com.ico",
            "tags": [
                "amd"
            ],
            "description": "How does the new Ryzen 5 5600X3D processor compared to newer CPUs from AMD and Intel? Lets see what reviewers think How does the new Ryzen 5 5600X3D processor compared to newer CPUs from AMD and Intel? Lets see what reviewers think",
            "tickers": [
                "amd"
            ]
        },
        {
            "id": "5850653736161735560",
            "title": "AMD Hires Ex-IBM Exec As New Global Sales Leader In Commercial Push",
            "url": "https://www.crn.com/news/components-peripherals/amd-hires-ex-ibm-exec-as-new-global-sales-leader-in-commercial-push",
            "site": "crn.com",
            "time": 1689094754000,
            "favicon_url": "https://static.tickertick.com/website_icons/crn.com.ico",
            "tags": [
                "amd"
            ],
            "similar_stories": [
                "-4718128282508288783"
            ],
            "description": "Phil Guido, a 26-year IBM veteran, is taking over AMD\u2019s worldwide sales organization as the chip designer seeks to continue sales momentum for its CPUs in the data center and commercial PC markets while gaining new or greater footholds for AI, graphics and networking chips.",
            "tickers": [
                "amd"
            ]
        },
        {
            "id": "6607870269773960015",
            "title": "A look at Nvidia's AI chip rivals, including AMD, Intel, startups, and Amazon's and Google's cloud units; estimates suggest Nvidia controls 80%+ of the market (Wall Street Journal)",
            "url": "http://www.techmeme.com/230711/p20#a230711p20",
            "site": "techmeme.com",
            "time": 1689079217000,
            "favicon_url": "https://static.tickertick.com/website_icons/techmeme.com.ico",
            "tags": [
                "amd"
            ],
            "description": "Wall Street Journal: A look at Nvidia's AI chip rivals, including AMD, Intel, startups, and Amazon's and Google's cloud units; estimates suggest Nvidia controls 80%+ of the market \u2014 AMD, startups and cloud companies are looking to tap in to the rise of tools such as ChatGPT \u2014 Nvidia has emerged as the leader \u2026",
            "tickers": [
                "amd"
            ]
        },
        {
            "id": "-4718128282508288783",
            "title": "AMD appoints ex-IBM veteran as chief commercial officer",
            "url": "https://seekingalpha.com/news/3986694-amd-appoints-ex-ibm-veteran-as-chief-commercial-officer",
            "site": "seekingalpha.com",
            "time": 1689074688000,
            "favicon_url": "https://static.tickertick.com/website_icons/seekingalpha.com.ico",
            "tags": [
                "amd"
            ],
            "tickers": [
                "amd"
            ]
        },
        {
            "id": "-196019965403106348",
            "title": "PhillipCapital starts coverage on AMD, highlights generative AI tailwinds",
            "url": "https://seekingalpha.com/news/3986406-phillipcapital-starts-coverage-amd-highlights-generative-ai-tailwinds",
            "site": "seekingalpha.com",
            "time": 1689018237000,
            "favicon_url": "https://static.tickertick.com/website_icons/seekingalpha.com.ico",
            "tags": [
                "amd"
            ],
            "tickers": [
                "amd"
            ]
        },
        {
            "id": "-5221389088690064511",
            "title": "The Ratings Game: Nvidia \u2018should have at least 90%\u2019 of AI chip market with AMD on its heels",
            "url": "http://www.marketwatch.com/news/story.asp?guid=%7B20C06575-04D4-B545-7227-C795DAB7FD54%7D&siteid=rss&rss=1",
            "site": "marketwatch.com",
            "time": 1689007800000,
            "favicon_url": "https://static.tickertick.com/website_icons/marketwatch.com.ico",
            "tags": [
                "amd"
            ],
            "description": "Nvidia Corp. stands to command \"at least 90%\" of market share in the AI chip market with Advanced Micro Devices Inc. poised in second place.",
            "tickers": [
                "amd"
            ]
        }
    ],
    "last_id": "-5221389088690064511"
}