{
    "stories": [
        {
            "id": "-7832799961436183439",
            "title": "How AbbVie's Humira Still Reigns, Despite New Competition",
            "url": "https://www.wsj.com/articles/how-abbvies-humira-still-reigns-despite-new-competition-d4aa13a9?mod=rss_markets_main",
            "site": "wsj.com",
            "time": 1690472700000,
            "favicon_url": "https://static.tickertick.com/website_icons/wsj.com.ico",
            "tags": [
                "abbv"
            ],
            "tickers": [
                "abbv"
            ]
        },
        {
            "id": "468837396502743295",
            "title": ": AbbVie shares jump as results beat expectations despite blockbuster Humira\u2019s declining sales",
            "url": "http://www.marketwatch.com/news/story.asp?guid=%7B20C06575-04D4-B545-7238-F858855A822C%7D&siteid=rss&rss=1",
            "site": "marketwatch.com",
            "time": 1690470900000,
            "favicon_url": "https://static.tickertick.com/website_icons/marketwatch.com.ico",
            "tags": [
                "abbv"
            ],
            "description": "Newer immunology drugs Skyrizi and Rinvoq boost sales in second quarter.",
            "tickers": [
                "abbv"
            ]
        },
        {
            "id": "4980991413245832746",
            "title": "6 stocks to watch on Thursday: Netflix, Mastercard, AbbVie, McDonald's and more",
            "url": "https://seekingalpha.com/news/3992133-6-stocks-to-watch-on-thursday-netflix-mastercard-abbvie-mcdonalds-and-more",
            "site": "seekingalpha.com",
            "time": 1690464420000,
            "favicon_url": "https://static.tickertick.com/website_icons/seekingalpha.com.ico",
            "tags": [
                "abbv"
            ],
            "tickers": [
                "abbv"
            ]
        },
        {
            "id": "4033454098117535046",
            "title": "Inside AbbVie: Signs of stabilization in Humira sales? | $ABBV $AMGN $NVS",
            "url": "https://seekingalpha.com/news/3992077-inside-abbvie-signs-stabilization-humira-sales",
            "site": "seekingalpha.com",
            "time": 1690463324000,
            "favicon_url": "https://static.tickertick.com/website_icons/seekingalpha.com.ico",
            "tags": [
                "abbv"
            ],
            "tickers": [
                "abbv"
            ]
        },
        {
            "id": "3341912054915601537",
            "title": ": AbbVie shares climb after quarterly results beat expectations",
            "url": "http://www.marketwatch.com/news/story/abbvie-shares-climb-after-quarterly/story.aspx?guid=%7B20C06575%2D04D4%2DB545%2D7238%2DF858855A822C%7D&siteid=rss",
            "site": "marketwatch.com",
            "time": 1690460040000,
            "favicon_url": "https://static.tickertick.com/website_icons/marketwatch.com.ico",
            "tags": [
                "abbv"
            ],
            "description": "AbbVie Inc. ABBV shares gained 1.5% premarket on Thursday after the pharmaceutical giant reported stronger-than-expected revenue for the second quarter and raised its full-year guidance. The company now expects full-year 2023 adjusted earnings per share in the range of $10.90 to $11.10, versus previous guidance of $10.57 to $10.97. AbbVie posted net income of $2.02 billion, or $1.14 per share, after net income of $924 million, or $0.51 per share in the year-earlier period. Second quarter revenue came to $13.87 billion, versus $14.58 billion a year earlier, ahead of the FactSet consensus of $13.54 billion. Adjusted earnings per share came to $2.91, versus $3.37 a year earlier, beating the FactSet consensus of $2.83. Sales of blockbuster arthritis drug Humira totaled $4.01 billion in the quarter, topping the FactSet consensus of $3.95 billion. AbbVie shares are down 12.2% in the year to date, while the S&P 500 SPX is up 18.9%.Market Pulse Stories are Rapid-fire, short news bursts on stocks and markets as they move. Visit MarketWatch.com for more information on this news.",
            "tickers": [
                "abbv"
            ]
        },
        {
            "id": "-6001451936963807617",
            "title": "AbbVie Reports Second-Quarter 2023 Financial Results",
            "url": "https://www.biospace.com/article/releases/abbvie-reports-second-quarter-2023-financial-results/?s=104",
            "site": "biospace.com",
            "time": 1690416000000,
            "favicon_url": "https://static.tickertick.com/website_icons/biospace.com.ico",
            "tags": [
                "abbv"
            ],
            "description": "AbbVie (NYSE:ABBV) announced financial results for the second quarter ended June 30, 2023.",
            "tickers": [
                "abbv"
            ]
        },
        {
            "id": "-4014844058855904715",
            "title": "AbbVie under pressure ahead of Q2 results amid Humira cliff | $ABBV $AMGN",
            "url": "https://seekingalpha.com/news/3991264-abbvie-stock-sold-off-ahead-q2-print-humira-cliff",
            "site": "seekingalpha.com",
            "time": 1690387087000,
            "favicon_url": "https://static.tickertick.com/website_icons/seekingalpha.com.ico",
            "tags": [
                "abbv"
            ],
            "tickers": [
                "abbv"
            ]
        },
        {
            "id": "6158806158603763890",
            "title": "AbbVie expands collaboration with Calibr on early-stage assets | $ABBV",
            "url": "https://seekingalpha.com/news/3991209-abbvie-expands-collaboration-calibr-early-stage-assets",
            "site": "seekingalpha.com",
            "time": 1690380734000,
            "favicon_url": "https://static.tickertick.com/website_icons/seekingalpha.com.ico",
            "tags": [
                "abbv"
            ],
            "tickers": [
                "abbv"
            ]
        },
        {
            "id": "-7505409464265968798",
            "title": "AbbVie says Skyrizi beat Amgen\u2019s Otezla in plaque psoriasis trial | $AMGN $ABBV",
            "url": "https://seekingalpha.com/news/3991142-abbvies-skyrizi-beats-amgens-otezla-plaque-psoriasis",
            "site": "seekingalpha.com",
            "time": 1690374951000,
            "favicon_url": "https://static.tickertick.com/website_icons/seekingalpha.com.ico",
            "tags": [
                "abbv"
            ],
            "tickers": [
                "abbv"
            ]
        },
        {
            "id": "-6207215627669366837",
            "title": "AbbVie and Calibr Expand Strategic Collaboration to Advance Several Preclinical and Early-stage Clinical Assets",
            "url": "https://www.biospace.com/article/releases/abbvie-and-calibr-expand-strategic-collaboration-to-advance-several-preclinical-and-early-stage-clinical-assets/?s=104",
            "site": "biospace.com",
            "time": 1690329600000,
            "favicon_url": "https://static.tickertick.com/website_icons/biospace.com.ico",
            "tags": [
                "abbv"
            ],
            "similar_stories": [
                "6158806158603763890"
            ],
            "description": "AbbVie (NYSE: ABBV) and Calibr today announced an expanded strategic collaboration to advance several innovative preclinical and early-stage clinical assets across AbbVie's core therapeutic growth areas including immunology, oncology, neuroscience and other areas of interest.",
            "tickers": [
                "abbv"
            ]
        },
        {
            "id": "-5016701542165741691",
            "title": "SKYRIZI\u00ae (risankizumab) Achieved Superiority Versus Apremilast for Co-Primary Endpoints Among Adult Patients with Moderate Plaque Psoriasis in Phase 4 Head-to-Head Study",
            "url": "https://www.biospace.com/article/releases/skyrizi-risankizumab-achieved-superiority-versus-apremilast-for-co-primary-endpoints-among-adult-patients-with-moderate-plaque-psoriasis-in-phase-4-head-to-head-study/?s=86",
            "site": "biospace.com",
            "time": 1690329600000,
            "favicon_url": "https://static.tickertick.com/website_icons/biospace.com.ico",
            "tags": [
                "abbv"
            ],
            "description": "AbbVie (NYSE: ABBV) today announced the British Journal of Dermatology published results from the head-to-head Phase 4 IMMpulse study that evaluated the efficacy and safety of SKYRIZI\u00ae (risankizumab) compared to Otezla\u00ae (apremilast) among adult patients with moderate plaque psoriasis eligible for systemic therapy.1",
            "tickers": [
                "abbv"
            ]
        },
        {
            "id": "-8670766232960200123",
            "title": "Earnings Outlook: AbbVie turns to newer immunology drugs as blockbuster Humira faces lower-cost competition",
            "url": "http://www.marketwatch.com/news/story.asp?guid=%7B20C06575-04D4-B545-7235-5451AF86E93F%7D&siteid=rss&rss=1",
            "site": "marketwatch.com",
            "time": 1690296060000,
            "favicon_url": "https://static.tickertick.com/website_icons/marketwatch.com.ico",
            "tags": [
                "abbv"
            ],
            "similar_stories": [
                "-7832799961436183439",
                "468837396502743295"
            ],
            "description": "Investors look for signs that Skyrizi, Rinvoq can take the baton as Humira sales falter",
            "tickers": [
                "abbv"
            ]
        },
        {
            "id": "-8921094665961660512",
            "title": "AbbVie Advances Immunology Pipeline with First Patient Dosed in Global Phase 3 Trial of Upadacitinib (RINVOQ\u00ae) in Hidradenitis Suppurativa",
            "url": "https://www.biospace.com/article/releases/abbvie-advances-immunology-pipeline-with-first-patient-dosed-in-global-phase-3-trial-of-upadacitinib-rinvoq-in-hidradenitis-suppurativa/?s=69",
            "site": "biospace.com",
            "time": 1690156800000,
            "favicon_url": "https://static.tickertick.com/website_icons/biospace.com.ico",
            "tags": [
                "abbv"
            ],
            "description": "AbbVie (NYSE: ABBV) today announced that the first patient has been dosed in the Phase 3 Step-Up HS study evaluating upadacitinib (RINVOQ\u00ae) in adults and adolescents with moderate to severe hidradenitis suppurativa (HS) who have failed anti-tumor necrosis factor (TNF) therapy and/or one approved non-anti-TNF inhibitor therapy for HS.1",
            "tickers": [
                "abbv"
            ]
        },
        {
            "id": "4453020489177745620",
            "title": "AbbVie wins EU backing for Genmab-partnered lymphoma therapy | $ABBV $GMAB",
            "url": "https://seekingalpha.com/news/3989542-abbvie-wins-eu-backing-genmab-partnered-lymphoma-drug",
            "site": "seekingalpha.com",
            "time": 1689936225000,
            "favicon_url": "https://static.tickertick.com/website_icons/seekingalpha.com.ico",
            "tags": [
                "abbv"
            ],
            "tickers": [
                "abbv"
            ]
        },
        {
            "id": "-8656071691500034976",
            "title": "Genmab Announces AbbVie Receives Positive CHMP Opinion for Epcoritamab (TEPKINLY\u00ae) for the Treatment of Adults with Relapsed/Refractory (R/R) Diffuse Large B-cell Lymphoma (DLBCL)",
            "url": "https://www.biospace.com/article/releases/genmab-announces-abbvie-receives-positive-chmp-opinion-for-epcoritamab-tepkinly-for-the-treatment-of-adults-with-relapsed-refractory-r-r-diffuse-large-b-cell-lymphoma-dlbcl-/?s=89",
            "site": "biospace.com",
            "time": 1689897600000,
            "favicon_url": "https://static.tickertick.com/website_icons/biospace.com.ico",
            "tags": [
                "abbv"
            ],
            "description": "Genmab A/S announced that the European Medicines Agency\u2019s Committee for Medicinal Products for Human Use has adopted a positive opinion recommending the granting of conditional marketing authorization of epcoritamab as a monotherapy for the treatment of adult patients with relapsed or refractory diffuse large B-cell lymphoma after two or more lines of systemic therapy.",
            "tickers": [
                "abbv"
            ]
        },
        {
            "id": "-3972261185895085977",
            "title": "The Alliance for Genomic Discovery announces founding biopharma members: AbbVie, Amgen, AstraZeneca, Bayer, and Merck",
            "url": "https://www.biospace.com/article/releases/the-alliance-for-genomic-discovery-announces-founding-biopharma-members-abbvie-amgen-astrazeneca-bayer-and-merck/?s=65",
            "site": "biospace.com",
            "time": 1689638400000,
            "favicon_url": "https://static.tickertick.com/website_icons/biospace.com.ico",
            "tags": [
                "abbv"
            ],
            "description": "Illumina Inc., a global leader in DNA sequencing and array-based technologies, in collaboration with Nashville Biosciences, LLC, a leading clinical and genomic data company and wholly owned subsidiary of Vanderbilt University Medical Center, announced the five founding members of the Alliance for Genomic Discovery.",
            "tickers": [
                "abbv"
            ]
        },
        {
            "id": "-8194859386892827086",
            "title": "BUB1 regulates EGFR signaling by reducing EGFR internalization",
            "url": "https://bioengineer.org/bub1-regulates-egfr-signaling-by-reducing-egfr-internalization/",
            "site": "bioengineer.org",
            "time": 1689621242000,
            "favicon_url": "https://static.tickertick.com/website_icons/bioengineer.org.ico",
            "tags": [
                "abbv"
            ],
            "description": "\u201cWe postulate that these observations may provide novel opportunities for therapeutic interventions for EGFR driven cancers.\u201d Credit: 2023 Nyati et al. \u201cWe postulate that these observations may provide novel opportunities for therapeutic interventions for EGFR driven cancers.\u201d BUFFALO, NY- July 17, 2023 \u2013 A new research paper was published in Aging (listed by MEDLINE/PubMed as [\u2026] \u201cWe postulate that these observations may provide novel opportunities for therapeutic interventions for EGFR driven cancers.\u201d Credit: 2023 Nyati et al. \u201cWe postulate that these observations may provide novel opportunities for therapeutic interventions for EGFR driven cancers.\u201d BUFFALO, NY- July 17, 2023 \u2013 A new research paper was published in Aging (listed by MEDLINE/PubMed as \u201cAging (Albany NY)\u201d and \u201cAging-US\u201d by Web of Science) Volume 15, Issue 13, entitled, \u201cBudding uninhibited by benzimidazoles-1 (BUB1) regulates EGFR signaling by reducing EGFR internalization.\u201d EGFR signaling initiates upon ligand binding which leads to activation and internalization of the receptor-ligand complex. In this new study, researchers Shyam Nyati, Grant Young, Corey Speers, Mukesh K. Nyati, and Alnawaz Rehemtulla from the University of Michigan, Henry Ford Health System and Case Western Reserve University evaluated if BUB1 impacted EGFR signaling by regulating EGFR receptor internalization and activation. \u201cWe postulate that BUB1 helps in the formation and stabilization of EGFR dimers at the membrane and may regulate endocytosis of activated EGFR into either clathrin dependent (EEA1 coated) or independent (caveolin coated) vesicles thus impacting receptor recycling or degradation and subsequently signaling amplitude and duration [38, 39].\u201d BUB1 was ablated genomically (siRNA) or biochemically (2OH-BNPP1) in cells. EGF ligand was used to initiate EGFR signaling while disuccinimidyl suberate (DSS) was used for cross linking cellular proteins. EGFR signaling was measured by western immunoblotting and receptor internalization was evaluated by fluorescent microscopy (pEGFR (pY1068) colocalization with early endosome marker EEA1). siRNA mediated BUB1 depletion led to an overall increase in total EGFR levels and more phospho-EGFR (Y845, Y1092, and Y1173) dimers while the amount of total EGFR (non-phospho) dimers remained unchanged. BUB1 inhibitor (BUB1i) decreased EGF mediated EGFR signaling including pEGFR Y845, pAKT S473 and pERK1/2 in a time dependent manner. Additionally, BUB1i also reduced EGF mediated pEGFR (Y845) dimers (asymmetric dimers) without affecting total EGFR dimers (symmetric dimers) indicating that dimerization of inactive EGFR is not affected by BUB1. Furthermore, BUB1i blocked EGF mediated EGFR degradation (increase in EGFR half-life) without impacting half-lives of HER2 or c-MET. BUB1i also reduced co-localization of pEGFR with EEA1 positive endosomes suggesting that BUB1 might modulate EGFR endocytosis. \u201cOur data provide evidence that BUB1 protein and its kinase activity may regulate EGFR activation, endocytosis, degradation, and downstream signaling without affecting other members of the receptor tyrosine kinase family.\u201d Read the full paper: DOI: ",
            "tickers": [
                "abbv"
            ]
        },
        {
            "id": "-1643805106969872766",
            "title": "AbbVie, Lilly-backed Capsida cuts staff months after signing Big Pharma deals",
            "url": "https://www.fiercebiotech.com/biotech/abbvie-lilly-backed-capsida-lays-25-team",
            "site": "fiercebiotech.com",
            "time": 1689351274000,
            "favicon_url": "https://static.tickertick.com/website_icons/fiercebiotech.com.ico",
            "tags": [
                "abbv"
            ],
            "description": "AbbVie, Lilly-backed Capsida cuts staff months after signing Big Pharma deals mbayer Fri, 07/14/2023 - 12:14",
            "tickers": [
                "abbv"
            ]
        },
        {
            "id": "-1653753194939653528",
            "title": "South Africa's ex-President Jacob Zuma in Russia for medical treatment",
            "url": "https://www.bbc.co.uk/news/world-africa-66202273?at_medium=RSS&at_campaign=KARANGA",
            "site": "bbc.co.uk",
            "time": 1689342858000,
            "favicon_url": "https://static.tickertick.com/website_icons/bbc.co.uk.ico",
            "tags": [
                "abbv"
            ],
            "description": "The announcement comes a day after a court ruled he was released from jail on parole unlawfully.",
            "tickers": [
                "abbv"
            ]
        },
        {
            "id": "3567365210938924387",
            "title": "Gut punch: First Wave's challenger to AbbVie fails phase 2 again",
            "url": "https://www.fiercebiotech.com/biotech/gut-punch-first-waves-challenger-abbvie-fails-phase-2-again",
            "site": "fiercebiotech.com",
            "time": 1689249189000,
            "favicon_url": "https://static.tickertick.com/website_icons/fiercebiotech.com.ico",
            "tags": [
                "abbv"
            ],
            "description": "Gut punch: First Wave's challenger to AbbVie fails phase 2 again ntaylor Thu, 07/13/2023 - 07:53",
            "tickers": [
                "abbv"
            ]
        },
        {
            "id": "5260366454050314362",
            "title": "Historical medicine suggests a new way to use modern treatments",
            "url": "https://bioengineer.org/historical-medicine-suggests-a-new-way-to-use-modern-treatments/",
            "site": "bioengineer.org",
            "time": 1689156727000,
            "favicon_url": "https://static.tickertick.com/website_icons/bioengineer.org.ico",
            "tags": [
                "abbv"
            ],
            "description": "The mixture of honey and vinegar, also known as oxymel, has been used as a medical treatment throughout history and now scientists have established that this combination could have modern applications in the treatment of wounds. Credit: Microbiology Society Fourth image adapted from Garcia Maset et al. 2023 Figure Fig. 4D ",
            "tickers": [
                "abbv"
            ]
        },
        {
            "id": "-6051979672889626578",
            "title": "AbbVie slips as Cigna adds more Humira biosimilars for coverage | $CI $ABBV $AMGN $NVS",
            "url": "https://seekingalpha.com/news/3986544-abbvie-stock-slips-cigna-adds-humira-biosimilars",
            "site": "seekingalpha.com",
            "time": 1689010824000,
            "favicon_url": "https://static.tickertick.com/website_icons/seekingalpha.com.ico",
            "tags": [
                "abbv"
            ],
            "tickers": [
                "abbv"
            ]
        }
    ],
    "last_id": "-6051979672889626578"
}