{
    "stories": [
        {
            "id": "-7338490534747880497",
            "title": "ON Semiconductor, Intel lead chips higher as earnings season awaits",
            "url": "https://seekingalpha.com/news/3988143-on-semiconductor-intel-lead-chips-higher-as-earnings-season-awaits",
            "site": "seekingalpha.com",
            "time": 1689618864000,
            "favicon_url": "https://static.tickertick.com/website_icons/seekingalpha.com.ico",
            "tags": [
                "intc"
            ],
            "tickers": [
                "intc"
            ]
        },
        {
            "id": "198198267590062849",
            "title": "Humanoid robot startup Figure nabs $9M investment from Intel Capital",
            "url": "https://siliconangle.com/2023/07/17/humanoid-robot-startup-figure-nabs-9m-investment-intel-capital/",
            "site": "siliconangle.com",
            "time": 1689615077000,
            "favicon_url": "https://static.tickertick.com/website_icons/siliconangle.com.ico",
            "tags": [
                "intc"
            ],
            "description": "Intel Corp.\u2019s venture capital arm has invested $9 million in Figure AI Inc., a startup working to build a humanoid warehouse robot. TechCrunch reported the investment today. Intel\u2019s capital infusion follows a $70 million raise that Figure disclosed in May. That round included the participation of several institutional investors as well as the startup\u2019s founder [\u2026] The post Humanoid robot startup Figure nabs $9M investment from Intel Capital appeared first on SiliconANGLE.",
            "tickers": [
                "intc"
            ]
        },
        {
            "id": "-8417117183778969013",
            "title": "Intel 15th Gen Arrow Lake CPUs Have Good And Bad News For PC Enthusiasts",
            "url": "https://www.forbes.com/sites/antonyleather/2023/07/17/intel-15th-gen-arrow-lake-cpus-have-good-and-bad-news-for-pc-enthusiasts/",
            "site": "forbes.com",
            "time": 1689609005000,
            "favicon_url": "https://static.tickertick.com/website_icons/forbes.com.ico",
            "tags": [
                "intc"
            ],
            "description": "More performance, but a potential compatibility bombshell likely for Intel's 15th Gen Arrow Lake CPUs as performance results leak comparing 13th, 14th and 15th gen models More performance, but a potential compatibility bombshell likely for Intel's 15th Gen Arrow Lake CPUs as performance results leak comparing 13th, 14th and 15th gen models",
            "tickers": [
                "intc"
            ]
        },
        {
            "id": "7056037645484815028",
            "title": "Intel backs robotics startup, Twitter loses money, and fintech shows signs of life",
            "url": "https://techcrunch.com/2023/07/17/intel-backs-robotics-startup-twitter-loses-money-and-fintech-shows-signs-of-life/",
            "site": "techcrunch.com",
            "time": 1689608595000,
            "favicon_url": "https://static.tickertick.com/website_icons/techcrunch.com.ico",
            "tags": [
                "intc"
            ],
            "description": "Hello, and welcome back to Equity, the podcast about the business of startups, where we unpack the numbers and nuance behind the headlines. Our Monday show covers the latest in tech news from the weekend and what\u2019s making headlines early in the week. Here\u2019s the rundown from this morning! Stocks are largely down around the [\u2026] Hello, and welcome back to Equity, the podcast about the business of startups, where we unpack the numbers and nuance behind the headlines. Our Monday show covers the latest in tech news from the weekend and what\u2019s making headlines early in the week. Here\u2019s the rundown from this morning! Stocks are largely down around the world following weak Chinese economic data for the second quarter. We\u2019re also heading back into an earnings cycle, so get ready to hear from Tesla and Netflix this week, among other major names. In crypto-land, the XRP/Ripple partial victory drove a short-lived boomlet for many crypto tokens; XRP is the clear winner from last week. Twitter is cash-flow negative, per its CEO, but the company intends to double-down on paying individual tweeters for their high-view activities. While Twitter molts, Threads continues to grow like a weed. Speaking of Meta, the company is in trouble in Norway. On the startup front, Intel invested in Figure, which we think is quite neat, and Thunes is now nearly a unicorn! We will be back on Wednesday and Friday. Talk to you soon! For episode transcripts and more, head to Equity\u2019s Simplecast website. Equity drops at 7 a.m. PT every Monday, Wednesday and Friday, so subscribe to us on Apple Podcasts, Overcast, Spotify and all the casts. TechCrunch also has a great show on crypto, a show that interviews founders, one that details how our stories come together and more!",
            "tickers": [
                "intc"
            ]
        },
        {
            "id": "-4622281192635680598",
            "title": "With Intel\u2019s NUC Exit, Longtime Partner \u2018Ready\u2019 To Help Fill Mini PC \u2018Void\u2019",
            "url": "https://www.crn.com/news/computing/with-intel-s-nuc-exit-longtime-partner-ready-to-help-fill-mini-pc-void-",
            "site": "crn.com",
            "time": 1689605017000,
            "favicon_url": "https://static.tickertick.com/website_icons/crn.com.ico",
            "tags": [
                "intc"
            ],
            "description": "While Simply NUC got its start as an Intel NUC systems integrator and value-added reseller, the company has evolved to designing its own mini PCs that are sold through the channel. \u2018We\u2019re just shifting orders over from what we ordered from the distributor to what we\u2019re ordering from our ODM,\u2019 Simply NUC CMO John Deatherage says.",
            "tickers": [
                "intc"
            ]
        },
        {
            "id": "9123542977029066457",
            "title": "How long will the last Intel Macs be supported? macOS Sonoma gives us some hints",
            "url": "https://arstechnica.com/?p=1944177",
            "site": "arstechnica.com",
            "time": 1689591619000,
            "favicon_url": "https://static.tickertick.com/website_icons/arstechnica.com.ico",
            "tags": [
                "intc"
            ],
            "description": "Nearly 20 years of data show how Intel Macs are faring as Apple switches chips. Enlarge (credit: Aurich Lawson) A year ago, we compiled a model list of Macs spanning over two decades, complete with their launch dates, discontinuation dates, and all the available information about the macOS updates each model received. We were trying to answer two questions: How long can Mac owners reasonably expect to receive software updates when they buy a new computer? And were Intel Macs being dropped more aggressively now that the Apple Silicon transition was in full swing? The answer to the second question was a tentative \"yes,\" and now that we know the official support list for macOS Sonoma, the trendline is clear. Macs introduced between 2009 and 2015 could expect to receive seven or eight years of macOS updates\u2014that is, new major versions with new features, like Ventura or Sonoma\u2014plus another two years of security-only updates that fix vulnerabilities and keep Safari up to date. Macs released in 2016 and 2017 are only receiving about six years' worth of macOS updates, plus another two years of security updates. That's about a two-year drop, compared to most Macs released between 2009 and 2013.Read 37 remaining paragraphs | Comments",
            "tickers": [
                "intc"
            ]
        },
        {
            "id": "-7200653256399764244",
            "title": "Intel backs Figure\u2019s Humanoid robot to the tune of $9 million",
            "url": "https://techcrunch.com/2023/07/17/intel-backs-figures-humanoid-robot-to-the-tune-of-9-million/",
            "site": "techcrunch.com",
            "time": 1689588018000,
            "favicon_url": "https://static.tickertick.com/website_icons/techcrunch.com.ico",
            "tags": [
                "intc"
            ],
            "description": "Bay Area-based robotics firm Figure this week announced that its humanoid officially took its first steps \u2014 a milestone it hit a few days shy of of the company\u2019s first anniversary. Figure has made a good deal of progress in a short period, due in no small part to founder and CEO Brett Adcock\u2019s initial $100 [\u2026] Intel backs Figure\u2019s Humanoid robot to the tune of $9 million by Brian Heater originally published on TechCrunch Bay Area-based robotics firm Figure this week announced that its humanoid officially took its first steps \u2014 a milestone it hit a few days shy of of the company\u2019s first anniversary. Figure has made a good deal of progress in a short period, due in no small part to founder and CEO Brett Adcock\u2019s initial $100 million bootstrapping. Of course, running any robotics company is a wildly expensive endeavor, let alone one that is building hardware and software for a multipurpose humanoid \u2014 a longtime holy grail in this space. Figure has since started looking beyond its walls for funding to help build that dream. In May, it announced a sizable $70 million Series A led by Parkway Venture Capital. At the time, Adcock told me that raising more was on the table for the short term. Today the company tells TechCrunch that it\u2019s adding another $9 million to its war chest courtesy of Intel Capital, which might soon prove to be a strategic partnership. For some time now, Figure has been showcasing its progress for interested parties, and Intel clearly liked what it saw in the Figure 01 \u2018bot. \u201cIntel Capital is constantly searching for companies that push the boundaries of innovation, and we believe that Figure has the potential to shift the way the world thinks about artificial intelligence,\u201d says Intel Capital managing director Mark Lydon. \u201cFigure\u2019s focus on enhancing the labor economy is an essential part of our future, and we look forward to being at the forefront to support humanoid development.\u201d Figure is far from the only firm currently working toward a general-purpose humanoid. Tesla, Apptronik and Open AI-backed 1X are all looking to tackle this immensely difficult problem. Unlike Tesla\u2019s plan to be all things to all people at launch, Figure\u2019s approach is a deliberate one, focusing primarily on industrial warehouse applications to start. Image Credits: Figure When I visited the company\u2019s HQ back in May, they had recently finished a mock warehouse that sits in the center of the office. At the time, however, the robot wasn\u2019t ready to begin testing. Access to Intel through its venture arm provides a lot of potential resources for a young company like Figure \u2014 especially one that is looking to get up, running and scaling quickly. \u201cIntel Capital is at the forefront of making big, bold frontier bets and we are excited to share the same vision of a better future,\u201d Adcock says in a release. \u201cThis investment along with the global resources and expertise of the Intel team will help accelerate the growth and success of Figure.\u201d Figure\u2019s team is still fairly small at 50, though the company has been doing a lot of strategic hiring, including former employees from places like Boston Dynamics, Tesla and Apple. Intel backs Figure\u2019s Humanoid robot to the tune of $9 million by Brian Heater originally published on TechCrunch",
            "tickers": [
                "intc"
            ]
        },
        {
            "id": "3410609839466539981",
            "title": "Intel, JPMorgan Chase share gains lead Dow's 100-point climb",
            "url": "https://www.marketwatch.com/data-news/intel-jpmorgan-chase-share-gains-lead-dow-s-100-point-climb-61aeab7c-32afe5ec07ac?mod=mw_quote_news",
            "site": "marketwatch.com",
            "time": 1689518100000,
            "favicon_url": "https://static.tickertick.com/website_icons/marketwatch.com.ico",
            "tags": [
                "intc"
            ],
            "tickers": [
                "intc"
            ]
        },
        {
            "id": "9064923720304706838",
            "title": "Intel, Qualcomm CEOs to meet with officials in Washington on China policy - report",
            "url": "https://seekingalpha.com/news/3987866-intel-qualcomm-ceos-to-meet-with-us-government-officials-on-china-policy-report",
            "site": "seekingalpha.com",
            "time": 1689508800000,
            "favicon_url": "https://static.tickertick.com/website_icons/seekingalpha.com.ico",
            "tags": [
                "intc"
            ],
            "tickers": [
                "intc"
            ]
        },
        {
            "id": "-4589020049138731982",
            "title": "3:14p Breaking Intel, JPMorgan Chase share gains lead Dow's 100-point climb",
            "url": "https://www.marketwatch.com/story/intel-jpmorgan-chase-share-gains-lead-dow-s-100-point-climb-61aeab7c-32afe5ec07ac?mod=mw_latestnews",
            "site": "marketwatch.com",
            "time": 1689448615000,
            "favicon_url": "https://static.tickertick.com/website_icons/marketwatch.com.ico",
            "tags": [
                "intc"
            ],
            "similar_stories": [
                "3410609839466539981"
            ],
            "tickers": [
                "intc"
            ]
        },
        {
            "id": "4552008564436679333",
            "title": "System Level Power Integrity Verification For Multi-Core Microprocessors With FIVR",
            "url": "https://semiengineering.com/system-level-power-integrity-verification-for-multi-core-microprocessors-with-fivr/",
            "site": "semiengineering.com",
            "time": 1689443794000,
            "favicon_url": "https://static.tickertick.com/website_icons/semiengineering.com.ico",
            "tags": [
                "intc"
            ],
            "description": "A technical paper titled \u201cA Compressed Multivariate Macromodeling Framework for Fast Transient Verification of System-Level Power Delivery Networks\u201d was published by researchers at Politecnico di Torino and Intel Corporation. Abstract:... \u00bb read more The post System Level Power Integrity Verification For Multi-Core Microprocessors With FIVR appeared first on Semiconductor Engineering. A technical paper titled \u201cA Compressed Multivariate Macromodeling Framework for Fast Transient Verification of System-Level Power Delivery Networks\u201d was published by researchers at Politecnico di Torino and Intel Corporation. Abstract: \u201cThis paper discusses a reduced-order modeling and simulation approach for fast transient power integrity verification at full system level. The reference structure is a complete power distribution network (PDN) from platform voltage regulator module (VRM) to multiple cores, including board, package, decoupling capacitors, and per-core fully integrated voltage regulators (FIVR). All blocks are characterized and known through high-fidelity models derived from first-principle solvers (full-wave electromagnetic and circuit-level extractions). The complexity of such detailed characterization grows very large and becomes intractable, especially for power integrity verification of massive multicore platforms subjected to real workload scenarios. We approach this problem by exploiting a multi-stage macromodeling and compression process, leading to a compact representation of the system dynamics in terms of a linearized state-space structure with multiple feedback loops from the FIVR controllers. The PDN macromodel is obtained through a data-driven approach starting from reference small-signal frequency responses, obtaining a sparse and structured representation specifically designed to match the behavior of the reference system. The resulting compact model is then solved in time-domain very efficiently. Results on mobile and enterprise server benchmarks demonstrate a speedup in runtime up to 50\u00d7 with respect to HSPICE, with negligible loss of accuracy.\u201d Find the technical paper here. Published: July 2023. A. Carlucci, T. Bradde, S. Grivet-Talocia, S. Mongrain, S. Kulasekaran and K. Radhakrishnan, \u201cA Compressed Multivariate Macromodeling Framework for Fast Transient Verification of System-Level Power Delivery Networks,\u201d in IEEE Transactions on Components, Packaging and Manufacturing Technology, doi: 10.1109/TCPMT.2023.3292449. The post System Level Power Integrity Verification For Multi-Core Microprocessors With FIVR appeared first on Semiconductor Engineering.",
            "tickers": [
                "intc"
            ]
        },
        {
            "id": "3516227059611287643",
            "title": "Sources: the CEOs of Intel and Qualcomm are planning to meet US officials in DC next week to discuss China policy, export controls, market conditions, and more (Reuters)",
            "url": "http://www.techmeme.com/230715/p3#a230715p3",
            "site": "techmeme.com",
            "time": 1689395719000,
            "favicon_url": "https://static.tickertick.com/website_icons/techmeme.com.ico",
            "tags": [
                "intc"
            ],
            "similar_stories": [
                "9064923720304706838"
            ],
            "description": "Reuters: Sources: the CEOs of Intel and Qualcomm are planning to meet US officials in DC next week to discuss China policy, export controls, market conditions, and more \u2014 The chief executives of Intel Corp (INTC.O) and Qualcomm Inc (QCOM.O) are planning to visit Washington next week to discuss China policy \u2026",
            "tickers": [
                "intc"
            ]
        },
        {
            "id": "4529959735203307863",
            "title": "Intel Foundry Services Readies Intel 16 Process: Low Power FinFET For Everyday Chips",
            "url": "https://www.anandtech.com/show/18957/intel-foundry-services-readies-intel-16-fabrication-process",
            "site": "anandtech.com",
            "time": 1689370200000,
            "favicon_url": "https://static.tickertick.com/website_icons/anandtech.com.ico",
            "tags": [
                "intc"
            ],
            "description": "Intel Foundry Services (IFS) this week soft-launched their new Intel 16 process technology, a 16nm-class node that will be used for the production of low-power chips for everyday workloads. The updated legacy node, derived from Intel's existing 22FFL process tech, is aimed at cost-conscientious customers who are producing simpler chips that don't require the performance offered by cutting-edge process nodes. Set to compete against nodes such as TSMC's N12e, budget nodes like Intel 16 typically see wide use in a variety of fields, ranging from aerospace and defense to IoT and radios. First revealed by Intel a couple of years back, the ramp-up of Intel 16 comes as IFS is in the process of expanding its foundry offerings in order to offer the full range of process nodes that chip designers have come to expect from a contract fab. While not at the forefront of fab discussion as cutting edge nodes are, trailing-edge and mature process nodes are still used to produce a vast number of chips year after year, often simple chips that need few upgrades and may end up in production for a decade or longer. TSMC, for its part, earns around 25% of its revenue by making hundreds of millions of chips using 40 nm and larger nodes. For other foundries, the revenue share share of 40nm and similar process technologies is even higher: SMIC and UMC earn over 80% of their revenue on mature nodes. Those chips have very long lifecycles \u2013 to the point that TSMC has a tough time persuading its customers to start using 28nm \u2013 underscoring their importance in the overall chip ecosystem, and the need for IFS to offer some cheaper, less advanced nodes to court these chips and their designers. IFS's Intel 16 node targets a wide variety of applications, including application processors, analog, consumer electronics radio frequency (such as Wi-Fi and Bluetooth), mmWave, storage, military, aerospace, and government-usage chips. This FinFET-based technology is designed to hit a sweet spot between performance and cost, offering considerable transistor density and high performance thanks to its use of FinFETs, while still costing far less than leading-edge nodes where EUV machines and multi-patterning quickly drive up costs. Intel says that its 16nm-clss technology requires fewer masks as well as relatively simple back-end design rules. In essence, we're looking at a cost-optimized amalgamation of Intel's 22nm and 14nm nodes, bringing 22FFL a bit more forward without employing some of the more expensive aspects of 14nm. The bulk of this week's announcements, in turn, are focused on chip design for the new node. Leading electronic design automation (EDA) and IP providers \u2014 Ansys, Cadence, Siemense EDA, and Synopsys \u2014 are all announcing their backing of the Intel 16 process technology with their certified software flows and IP. For example, Cadence has ported a range of its IP blocks to Intel 16, including PCIe 5.0; 25G-KR Ethernet multi-protocol PHY; multi-protocol PHY for consumer applications that support standards like PCIe 3.0 and USB 3.2; multi-standard PHY for LPDDR5/4/4X memory; and MIPI D-PHY v1.2 for cameras and displays. Additionally, Synopsys also has its AI-enabled Synopsys.ai toolkit that now supports Intel 16. With the necessary tooling now in place, chip designers can start using design, verification, and simulation tools to develop their chips on IFS's 16nm-class fabrication technology. At this point it remains unclear when Intel expects to start fabbing chips on the Intel 16 process, though as it's based on mature designs, it's likely more a matter of when the first customer chip designs will be ready. Sources: Intel, Ansys, Cadence, Siemense EDA, and Synopsys.",
            "tickers": [
                "intc"
            ]
        },
        {
            "id": "-9099921905370916687",
            "title": "BRESSNER Technology Announces TOUCAN PRO II Premium Panel PCs",
            "url": "https://www.automation.com/en-us/products/july-2023/bressner-technology-toucan-pro-ii-panel-pcs",
            "site": "automation.com",
            "time": 1689310800000,
            "favicon_url": "https://static.tickertick.com/website_icons/automation.com.ico",
            "tags": [
                "intc"
            ],
            "description": "System integrator BRESSNER Technology has announced the TOUCAN PRO II Premium panel PCs featuring Intel Core processors of the 12th generation and Intel\u00ae Iris Xe graphics card.",
            "tickers": [
                "intc"
            ]
        },
        {
            "id": "-8894895360144804558",
            "title": "Chip Industry Needs More Trust, Not Zero Trust",
            "url": "https://semiengineering.com/chip-industry-needs-more-trust-not-zero-trust/",
            "site": "semiengineering.com",
            "time": 1689261400000,
            "favicon_url": "https://static.tickertick.com/website_icons/semiengineering.com.ico",
            "tags": [
                "intc"
            ],
            "description": "Chipmakers call for unity over rising cybersecurity threat. The post Chip Industry Needs More Trust, Not Zero Trust appeared first on Semiconductor Engineering. CISOs from Intel, TSMC, ASML, Applied Materials, and Lam Research unanimously called for the semiconductor industry to pull together to share information and develop cybersecurity protocols as community, at the Securing the Future for Semiconductor Manufacturing forum at SEMICON West. Chief information security officers (CISO) detailed their company\u2019s method for dealing with cybersecurity and what\u2019s on their wish lists for securing their supply chain, their operational technology (OT), and intellectual property (IP). All the speakers concluded that their supply chains \u2014 in the case of ASML, 5,000 parts suppliers \u2014 were now the most likely source malicious attacks on fabs. The suppliers\u2019 security hygiene is now the CISO\u2019s problem. Some suppliers don\u2019t even run patches, for various reasons. \u201cRemember a chain is only as strong as the weakest link, and so, yes, we control 90% of it, but 10% of it has to come from everybody else. If 10% is not doing it too, my 90% means nothing,\u201d said Brent Conran, corporate vice president and chief information security officer (CISO) at Intel. To tackle the supplier issue, TSMC, Intel, and Lam said they all ran inventories of their equipment and suppliers. Following NIST\u2019s layered Defense and SEMI\u2019s E187 and 188 standards, the companies graded their suppliers in cybersecurity and determined which suppliers first were the most important to the security issues. Once they pinpointed the suppliers that could do the most damage and potentially pass on a hack, Intel and TSMC said they worked with those vendors to give them ongoing training and to pressure them to improve their cybersecurity. TSMC told its vendors they need to work together to make some positive changes, said James Tu, TSMC\u2019s head of corporate information security. TSMC profiles vendors using their party security assessments to score vendors and create vendor profiles. The possibility of third-party assessments was raised by a couple CISOs, who contend that approach is better able to find security breaches and vulnerabilities. The forum participants also said it is important to prevent regulations from becoming too burdensome. The paperwork alone required to \u201ccertify\u201d security is varied, inconsistent, and cumbersome. \u201cWe get questionnaires sometimes that have 500 questions,\u201d said Kannan Perumal, Applied Materials\u2019 CISO. And just because you a check a box saying your product is secure doesn\u2019t mean it is. The industry needs another solution to certifications, and the only way to figure it out is to put the semiconductor industry experts together to find a better way and standardize it. Panelists left to right: TSMC\u2019s head of corporate information security James Tu; ASML\u2019s CISO Aernout Reijmer; Aziz M. Safa, vice president and general manager, Analytics & Technology Automation at Intel; LAM Research\u2019s CISO Jason Callahan at the Securing the Future for Semiconductor Manufacturing forum on Wednesday, July 12 at SEMICON West 2023. Semiconductor Engineering / Susan Rambo The problem comes down to trust. We have to trust each other, and not lawyer up, said Intel\u2019s Conran. We already do trust each other with our IP, said Jason Callahan, vice president and CISO at Lam Research. \u201cWe are the zero trust department. It\u2019s fundamentally in our core, it\u2019s our biggest buzzword in our industry for nearly 10 years now. Zero trust. We don\u2019t want to trust anybody. But we all share intellectual property. So obviously, there\u2019s a lot of trust going on and we\u2019re out of alignment\u201d Callahan encouraged the chip industry to leave each other\u2019s IP encryption on. If you are trusting your industry partners, trust their encryption, which Callahan said could be a vehicle for controlling IP and turning off access to it when needed. The forum served as a first step in getting the message out, complete with signups taken at the door for a mailing list that is expected to build into a consortium. (TSMC already initiated a consortium with SEMI Taiwan.) Aernout Reijmer, ASML\u2019s CISO, put a 17th Dutch master painting, \u201cThe Night Watch,\u201d on the screen and explained that it was a painting of townspeople getting together to defend their town or form a fire brigade. It was that moment when the community couldn\u2019t take a situation anymore and came together to make things better. He said that\u2019s what the semiconductor industry needs to do now is come together against a common enemy. \u201cWe are frenemies. We compete, but we have to work together,\u201d said Conran. \u201cGet on the phone and call me to tell me when you have a security issue with your equipment. Don\u2019t do nothing. I would do the same for you\u201d The post Chip Industry Needs More Trust, Not Zero Trust appeared first on Semiconductor Engineering.",
            "tickers": [
                "intc"
            ]
        },
        {
            "id": "-1559517559695503336",
            "title": "Intel's Habana launched its Gaudi 2 AI processor in China on July 11 to be used by Chinese cloud providers like Inspur, despite the US' export controls (DigiTimes)",
            "url": "http://www.techmeme.com/230712/p40#a230712p40",
            "site": "techmeme.com",
            "time": 1689216600000,
            "favicon_url": "https://static.tickertick.com/website_icons/techmeme.com.ico",
            "tags": [
                "intc"
            ],
            "description": "DigiTimes: Intel's Habana launched its Gaudi 2 AI processor in China on July 11 to be used by Chinese cloud providers like Inspur, despite the US' export controls \u2014 As the US seeks to tighten export controls on AI chips to China, Intel held a press conference in Beijing on the July 11 \u2026",
            "tickers": [
                "intc"
            ]
        },
        {
            "id": "-6438602732420694895",
            "title": "Kryo: Qualcomm\u2019s Last In-House Mobile Core",
            "url": "https://chipsandcheese.com/2023/07/12/kryo-qualcomms-last-in-house-mobile-core/",
            "site": "chipsandcheese.com",
            "time": 1689209785000,
            "favicon_url": "https://static.tickertick.com/website_icons/chipsandcheese.com.ico",
            "tags": [
                "intc"
            ],
            "description": "CPU design is hard. You can tell because there aren\u2019t a lot of companies doing it. AMD and Intel are\u2026 CPU design is hard. You can tell because there aren\u2019t a lot of companies doing it. AMD and Intel are your only choices in the PC scene. In the Android ecosystem, ARM Ltd\u2019s cores dominate. Qualcomm, MediaTek, Samsung and other SoC makers put chips together with varying core counts, GPUs, and other IP blocks. The architecture in all of their CPU cores today, however, comes from ARM the company. If it\u2019s not directly branded as ARM Cortex, you can bet it\u2019s a customized version of an ARM Cortex core. But things weren\u2019t always that way. Samsung used to make their own \u201cMongoose\u201d cores up to 2019. Qualcomm did the same up to 2016 with the Kryo architecture. Kryo is special. It would be Qualcomm\u2019s first and last 64-bit ARM core. It would also be Qualcomm\u2019s first and only shot at creating an in-house hybrid core designs. Among hybrid core designs, it\u2019s also unique in using the same microarchitecture in both \u201cbig\u201d and \u201clittle\u201d clusters, with different clock speeds and cache configurations. lscpu output for Kryo, showing the two clusters. Little cores rarely clock to their maximum 2.18 GHz, and instead tend to hang out around 1.58 GHz under load. Kryo debuted in the Snapdragon 820. There, it succeeded the badly received Snapdragon 810. In Qualcomm\u2019s CPU history, Kryo comes after a line of venerable in-house 32-bit ARM cores like Scorpion and Krait. Here, we\u2019re testing Kryo in the Snapdragon 821, as implemented in the LG G6. Because the phone is running Android, testing is an absolute nightmare because of system noise. On top of that, memory latency can\u2019t be tested with huge pages because Android doesn\u2019t support that. I\u2019m trying my best here, but please take the test result with a grain of salt. Block Diagram Kryo is an aggressive design for a 2016 mobile core. It\u2019s a 4-wide out-of-order architecture with substantial reordering capacity and ample execution resources. ARM\u2019s cores around that time include the 3-wide Cortex-A72 and 2-wide Cortex-A73. Core width says little about performance, but A72 and A73 are less ambitious than Kryo in most respects. A rough diagram of the Kryo architecture, pretty much completely from reverse engineering Frontend: Branch Predictor A CPU\u2019s branch predictor sits at the start of the pipeline, and is responsible for steering the CPU in the right direction. Going down the wrong path means wasted work, and wasted work means lost performance and wasted power. CPU designers have to strike a balance though, because a more sophisticated branch predictor will cost more power and area. Kryo gets modest branch prediction capabilities. It can recognize patterns about as well as Cortex-A72, but doesn\u2019t do well when a lot of branches are in play. It\u2019s far less capable than Skylake, which is expected for a low power core. Branch Target Caching Speed is important for a branch predictor too. A program will typically have a branch about every ten instructions. Stalling for less time after a taken branch is a good thing. High performance CPUs like Intel\u2019s Skylake attack this problem with a very large, very fast cache of branch targets. Kryo, however, has a different set of design parameters. It\u2019s not meant to handle heavy lifting the way desktop CPUs do, so it doesn\u2019t have to clock very high. Because it goes into a mobile SoC, core area and power take precedence over absolute performance. With that in mind, it looks like Kryo\u2019s designers opted for a conservative approach to branch target caching. For tiny loops, an 8-entry branch target buffer (BTB) can handle branches back to back. After all, there might not be another BTB. Instead, Qualcomm might be using a fast branch address calculator alongside a L0 + L1 instruction caching setup. Krait used a L0 instruction cache, so there\u2019s precedent within Qualcomm for such an approach. If so, we\u2019d be looking at a 8 KB L0 cache with 2-cycle latency. Past 8 KB, branch penalty varies, but is generally within the cycle counts we\u2019d expect for a last-level BTB hit. For example, AMD\u2019s Piledriver and Zen 2 suffer 5-cycle latency when using their L2 BTBs. Branch predictor cannot effectively drive instruction prefetching, because taken branch latency increases dramatically as the test exceeds L1 instruction cache (L1i) capacity. Exceeding L2 capacity is painful. The largest test size with a branch every 32 bytes and 32768 branches has a 1 MB instruction footprint, and wound up taking nearly 100 cycles per branch. For the sake of morale, I\u2019ve adjusted the graph not to show this. Kryo turns in a good showing next to ARM\u2019s Cortex-A72, especially for small code footprints. ARM\u2019s contemporary architecture cannot handle back-to-back taken branches at all. Cortex-A72 is slower when using its main BTB than when Kryo fetches branches from its L0 and calculates targets on the fly. Past 8 KB, differences start to even out. Indirect Branch Prediction Programmers are fond of using lower performance languages and coding patterns to piss off CPU architects. Object-oriented languages use vtables to associate method code with objects. That often means one branch can go to several different targets (i.e., an indirect branch) depending on the programmer\u2019s level of object disorientation. Similarly, switch-case statements can also be compiled into an indirect branch. As a coping mechanism, CPU architects have implemented indirect branch predictors. Indirect predictors track multiple targets per branch, and choose between them typically according to global history. Kryo\u2019s indirect predictor is reasonably capable for a low power implementation. It can cope with 16 targets for a single branch, or up to 64 total targets if each indirect branch only cycles between two targets. ARM\u2019s Cortex-A72 has similar coping capabilities for a single troublesome indirect branch, but can cope a bit better when there are a lot of indirect branches. In testing, it had reasonably low penalties out to 128 branches, with two targets each. Return Prediction Return is a special case of indirect branches because it\u2019s used to return from function calls. That usually means they line up with a preceding call, making prediction easy. The branch predictor can simply maintain a stack of return addresses, push to it whenever there\u2019s a call, and pop off an address to predict a return. Kryo has a 16-entry return stack, which should be deep enough for most cases. Intel architectures going back to Core 2 also had a 16-entry return stack. Cortex-A72 has a substantially deeper return stack, hinting at different optimization priorities. Frontend: Instruction Fetch Once the branch predictor has determined where to go, the frontend has to fetch instructions and feed them to the rest of the pipeline. Kryo uses a 32 KB L1i to speed this up. From the L1i, Kryo can fetch and decode up to four instructions per cycle. ARM\u2019s Cortex-A72 has a three-wide frontend fed by a larger 48 KB L1i. The Cortex-A73 used on the next generation of Snapdragon SoCs only has a 2-wide decoder, so Kryo\u2019s frontend is quite wide for a mobile core of its time. If Kryo has to fetch code from L2, frontend throughput takes a sharp drop to just under 1 IPC. This is quite common for low power cores. Older desktop cores also struggle to keep up frontend bandwidth after a L1i miss, so this weakness is understandable. Kryo only loses significantly when compared to high performance desktop and server architectures from just a few years before it launched. Rename and Allocate A CPU\u2019s renamer takes micro-ops from the frontend and allocates resources to track them in the backend. This stage typically does register renaming, helping to break false write-after-write dependencies and expose more instruction level parallelism to the backend. Because the renamer basically does an extra level of translation by mapping architectural, program-visible registers to internal entries in a physical register file, it\u2019s also a convenient place to pull other tricks. Kryo doesn\u2019t do anything besides good old register renaming. There\u2019s no special zeroing idiom recognition. However, that\u2019s not a big problem for Kryo, because ARM instructions are always four bytes. On x86 CPUs, zeroing a register by xor-ing it with itself or subtracting it from itself would give you a smaller instruction footprint, because register to register math instructions could be encoded in two or three bytes (versus five or more bytes for a move-immediate instruction). Move elimination is also absent on Kryo, but I really can\u2019t hold this against Qualcomm because ARM didn\u2019t figure this out until a few generations later. Out of Order Execution Out of order execution is essential to high performance, because it lets CPUs move past long latency instructions and attempt to hide that latency by finding other independent instructions. Long long ago, out of order execution was purely in the realm of high power devices, because it needs large buffers to track in-flight instructions and very timing-critical structures like schedulers. However, advances in process technology have made out of order execution feasible within a cell phone sized power budget. Kryo is implemented on Samsung\u2019s 14nm FinFET process, which is modern enough to let it implement a reasonably sized out of order execution engine. Kryo offers similar maximum reordering capacity to ARM\u2019s Cortex A72, but deals with other out of order buffers very differently. Qualcomm\u2019s core looks very strong for branch-heavy integer code, while A72 places more emphasis on scalar floating point stuff. StructureApplies if instruction\u2026Kryo CapacityA72 CapacityReorder Buffer (ROB)Exists~122?128Integer Register File, Speculative CapacityWrites to a scalar integer register7464FP/Vector Register File, Speculative CapacityWrites to a floating point or NEON/ASIMD register35 (regardles",
            "tickers": [
                "intc"
            ]
        },
        {
            "id": "5163507877320642504",
            "title": "Intel woos China with nerfed Habana Gaudi 2 AI chips",
            "url": "https://go.theregister.com/feed/www.theregister.com/2023/07/13/intel_guadi_china/",
            "site": "theregister.com",
            "time": 1689207247000,
            "favicon_url": "https://static.tickertick.com/website_icons/theregister.com.ico",
            "tags": [
                "intc"
            ],
            "description": "Not even Uncle Sam can stand between x86 titan and its profits Intel has followed Nvidia's lead and will produce a modified version of its AI accelerator \u2013 specifically the Habana division's Guadi 2 \u2013 for the Chinese market.\u2026",
            "tickers": [
                "intc"
            ]
        },
        {
            "id": "-8789249789797374223",
            "title": "Nvidia May Become Key Investor In Arm IPO After Failed Acquisition: Report",
            "url": "https://www.crn.com/news/components-peripherals/nvidia-may-become-key-investor-in-arm-ipo-after-failed-acquisition-report",
            "site": "crn.com",
            "time": 1689198540000,
            "favicon_url": "https://static.tickertick.com/website_icons/crn.com.ico",
            "tags": [
                "intc"
            ],
            "description": "Arm is hoping several of its existing partners, including Nvidia and Intel, will invest long-term positions in the company at the initial pulic offering stage, according to the report. One partner tells CRN that this consortium approach to owning the British chip designer should quell concerns that it would favor any one company in contrast to the fears regulators had when Nvidia tried \u2014and then failed\u2014to acquire Arm.",
            "tickers": [
                "intc"
            ]
        },
        {
            "id": "-7330878073118747897",
            "title": "Intel Loses Global Sales Leader For $9B Network And Edge Group",
            "url": "https://www.crn.com/news/components-peripherals/intel-loses-global-sales-leader-for-9b-network-and-edge-group",
            "site": "crn.com",
            "time": 1689174999000,
            "favicon_url": "https://static.tickertick.com/website_icons/crn.com.ico",
            "tags": [
                "intc"
            ],
            "description": "As the head of global sales and marketing for Intel\u2019s Network and Edge Group, Brad Haczynski led a team of more than 2,000 employees who delivered annual revenues of roughly $9 billion from semiconductor solutions for IoT, 5G and telecom as well as data center and cloud networking.",
            "tickers": [
                "intc"
            ]
        },
        {
            "id": "-3448095695698004305",
            "title": "AWS Nabs Intel\u2019s Former Cloud VP As Its New Global CMO",
            "url": "https://www.crn.com/news/cloud/aws-nabs-intel-s-former-cloud-vp-as-its-new-global-cmo",
            "site": "crn.com",
            "time": 1689171920000,
            "favicon_url": "https://static.tickertick.com/website_icons/crn.com.ico",
            "tags": [
                "intc"
            ],
            "description": "Intel\u2019s former cloud service provider leader has joined Amazon Web Services as its new global Chief Marketing Officer, tasked with driving AWS\u2019s marketing and customer-centric approach.",
            "tickers": [
                "intc"
            ]
        },
        {
            "id": "6740559062189694773",
            "title": "Intel 14th Gen Raptor Lake Refresh Gets More Cores Again In Surprise Move",
            "url": "https://www.forbes.com/sites/antonyleather/2023/07/12/intel-14th-gen-raptor-lake-refresh-gets-more-cores-again-in-surprise-move/",
            "site": "forbes.com",
            "time": 1689164162000,
            "favicon_url": "https://static.tickertick.com/website_icons/forbes.com.ico",
            "tags": [
                "intc"
            ],
            "description": "AMD could be a in big trouble if the latest rumors about Intel's highly anticipated 14th Gen Raptor Lake refresh processors are true, first with a core count-boosted C... AMD could be a in big trouble if the latest rumors about Intel's highly anticipated 14th Gen Raptor Lake refresh processors are true, first with a core count-boosted C...",
            "tickers": [
                "intc"
            ]
        },
        {
            "id": "1478820216789656244",
            "title": "No more NUC: Intel\u2019s weirdly named mini PCs seem to be going away",
            "url": "https://arstechnica.com/?p=1952999",
            "site": "arstechnica.com",
            "time": 1689108679000,
            "favicon_url": "https://static.tickertick.com/website_icons/arstechnica.com.ico",
            "tags": [
                "intc"
            ],
            "description": "Intel has exited several side-businesses as it tries to stop losing money. Enlarge / A stack of Intel's NUC mini PCs. (credit: Andrew Cunningham) Since 2012, Intel has designed and sold its own lineup of mini PCs. The Next Unit of Computing series (NUC\u2014rhymes with yuck\u2014was always a weird name) was always most closely associated with Mac mini-like desktops, but over the years, it grew to encompass compact workstations and gaming systems as well as mini servers with multiple Ethernet ports. But Intel is apparently throwing in the towel on the NUC, according to a statement given to The Verge earlier today. Intel spokesperson Mark Walton said that Intel had \"decided to stop direct investment in the Next Unit of Compute (NUC) Business and pivot our strategy to enable our ecosystem partners to continue NUC innovation and growth.\" This statement leaves some wiggle room\u2014Intel could still work with partners to bring NUCs or NUC-like products to market\u2014but it seems like the days of Intel designing its own desktop computers are over.Read 5 remaining paragraphs | Comments",
            "tickers": [
                "intc"
            ]
        },
        {
            "id": "-3499860867802167803",
            "title": "Intel pulls plug on mini-PC NUCs",
            "url": "https://go.theregister.com/feed/www.theregister.com/2023/07/11/intel_nuc_shutdown/",
            "site": "theregister.com",
            "time": 1689108488000,
            "favicon_url": "https://static.tickertick.com/website_icons/theregister.com.ico",
            "tags": [
                "intc"
            ],
            "similar_stories": [
                "-4622281192635680598"
            ],
            "description": "How much NUC would a Pat G chuck if a Pat G could chuck NUC? The sun is setting on Intel's Next Unit of Computing, the chipmaker's tiny PCs better known as NUCs by devotees.\u2026",
            "tickers": [
                "intc"
            ]
        },
        {
            "id": "3648034713633368026",
            "title": "Intel Exits NUC Mini PC Business, Vows To Support Ecosystem",
            "url": "https://www.crn.com/news/components-peripherals/intel-exits-nuc-mini-pc-business-vows-to-support-ecosystem",
            "site": "crn.com",
            "time": 1689108478000,
            "favicon_url": "https://static.tickertick.com/website_icons/crn.com.ico",
            "tags": [
                "intc"
            ],
            "similar_stories": [
                "1478820216789656244"
            ],
            "description": "Intel\u2019s decision to stop making NUC mini PCs is the latest in several business exits the company has made over the past two years to prioritize investments in CEO Pat Gelsinger\u2019s comeback plan, which seeks to make Intel the world\u2019s lead chipmaker again after several years of manufacturing missteps.",
            "tickers": [
                "intc"
            ]
        },
        {
            "id": "-2864688029338540643",
            "title": "Intel To Stop Producing NUC Mini PCs",
            "url": "https://www.slashgear.com/1336749/intel-stops-production-nuc-mini-pcs/",
            "site": "slashgear.com",
            "time": 1689105640000,
            "favicon_url": "https://static.tickertick.com/website_icons/slashgear.com.ico",
            "tags": [
                "intc"
            ],
            "description": "Intel is moving away from NUCs -- itty bitty PCs that it has been producing for the last decade. Where does that leave the future of these tiny computers? Intel is moving away from NUCs -- itty bitty PCs that it has been producing for the last decade. Where does that leave the future of these tiny computers?",
            "tickers": [
                "intc"
            ]
        },
        {
            "id": "-721031025918249742",
            "title": "Intel Set to Exit NUC PC Business - Pushes Partners to Develop More SFF PCs",
            "url": "https://www.anandtech.com/show/18952/intel-set-to-exit-nuc-pc-business-pushes-partners-to-develop-more-sff-pcs",
            "site": "anandtech.com",
            "time": 1689105600000,
            "favicon_url": "https://static.tickertick.com/website_icons/anandtech.com.ico",
            "tags": [
                "intc"
            ],
            "description": "Intel has disclosed today that it will halt further development of its small form factor Next Unit of Compute (NUC) PCs. The tech giant expects its partners to take over and keep serving markets served by its NUC systems as it focuses on much more profitable chips businesses. \"We have decided to stop direct investment in the Next Unit of Compute (NUC) Business and pivot our strategy to enable our ecosystem partners to continue NUC innovation and growth,\" a statement by Intel reads. \"This decision will not impact the remainder of Intel\u2019s Client Computing Group (CCG) or Network and Edge Computing (NEX) businesses. Furthermore, we are working with our partners and customers to ensure a smooth transition and fulfillment of all our current commitments \u2013 including ongoing support for NUC products currently in market.\" Intel entered PC business with its ultra-compact NUC desktops in 2013, around the time it exited motherboards market. Initially, the company only targeted SOHO market with its NUC barebones and PCs, but eventually it greatly expanded its NUC range with systems aimed at corporate users that need things like remote management and appropriate support, and even gaming machines. Intel's NUC systems have garnered considerable popularity over the years, going toe-to-toe with similar offerings from established PC brands. While small form factor existed before the NUC (and will exist after), Intel's efforts to invigorate the space with its NUC designs were by and large successful, and a lot of the public experimentation we've seen done in the space over the last several years has come from Intel. Nevertheless, Intel's OEM partners/rivals haven't been standing still during this time, and Intel has fallen behind in some areas. None of Intel's NUCs ever moved to being powered via USB Type-C (something ASUS already does), and Intel's more recent enthusiast NUCs have struggled to differentiate themselves from the competition. Overall, maintaining a wide variety of desktops and laptop platforms has been somewhat taxing (if not distracting) for Intel, whose primary focus lies in the semiconductor industry, rather than finished devices. While Intel isn't citing any specific reasons in their decision to wrap up development of new NUC PCs, given the contracting PC market and the intense rivalry therein, we wouldn't be surprised if Intel was being rocked by the same market forces that have been putting a squeeze on other PC OEMs. Intel has already reduced its focus on NUCs in the recent years, never offering Performance versions of its 12th and 13th Generation NUCs \u2013 and we cannot say that that those machines were missed by the audience. Meanwhile, Intel's enthusiast-grade Extreme NUCs have evolved to be more like fully-fledged desktops rather than compact systems, getting farther and farther away from the NUC's tiny roots. And while the add-in card form-factor used by the NUC Extreme lineup has always looked promising, it is unclear whether they have even been a success for Intel. Ultimately, as Intel has continued to shed and shutter non-core businesses, it is not entirely unexpected that Intel is axing its NUC program. In its place, the company is urging its OEM/ODM partners \u2013 whose bread and butter is designing and selling complete systems \u2013 to continue producing and innovating on compact machines for the small office/home office market, business clientele, and gamers. This leaves Intel free to refocus on the highly lucrative chip manufacturing business, as CEO Pat Gelsinger has made a priority over the past couple of years. Intel's NUC will not be the first business divested by Intel in the recent years. To focus on development on leading-edge CPUs, GPUs, and other lucrative products, Intel left the NAND memory and SSD businesses, axed Optane SSDs, ceased development of notebook models, and even sold its prebuilt server business to MiTAC.",
            "tickers": [
                "intc"
            ]
        },
        {
            "id": "5776851631623574662",
            "title": "Is AMD\u2019s Surprise Ryzen 5 5600X3D Perfect For Budget Gamers?",
            "url": "https://www.forbes.com/sites/antonyleather/2023/07/11/is-amds-surprise-ryzen-5-5600x3d---perfect-for-budget-gamers/",
            "site": "forbes.com",
            "time": 1689099698000,
            "favicon_url": "https://static.tickertick.com/website_icons/forbes.com.ico",
            "tags": [
                "intc"
            ],
            "description": "How does the new Ryzen 5 5600X3D processor compared to newer CPUs from AMD and Intel? Lets see what reviewers think How does the new Ryzen 5 5600X3D processor compared to newer CPUs from AMD and Intel? Lets see what reviewers think",
            "tickers": [
                "intc"
            ]
        },
        {
            "id": "6608353714457716976",
            "title": "Amazon Web Services hires former Flex and Intel exec Raejeanne Skillern as new CMO and VP",
            "url": "https://www.geekwire.com/2023/amazon-web-services-hires-former-flex-and-intel-exec-raejeanne-skillern-as-new-cmo-and-vp/",
            "site": "geekwire.com",
            "time": 1689098074000,
            "favicon_url": "https://static.tickertick.com/website_icons/geekwire.com.ico",
            "tags": [
                "intc"
            ],
            "description": "Raejeanne Skillern, a former executive at Flex and Intel, joined Amazon Web Services as its new chief marketing officer and vice president, GeekWire has learned. AWS announced Skillern\u2019s role internally Tuesday. Amazon confirmed her appointment. Skillern spent more than a decade at Intel, most recently as vice president of the chip giant\u2019s cloud service provider business. She joined manufacturing giant Flex in 2019 and led its Communications and Enterprise Compute group. Skillern replaces Rachel Thornton, who left in September of last year and is now CMO of Fivetran. Skillern will report to Matt Garman, senior vice president and sales chief\u2026 Read More Raejeanne Skillern. (LinkedIn Photo) Raejeanne Skillern, a former executive at Flex and Intel, joined Amazon Web Services as its new chief marketing officer and vice president, GeekWire has learned. AWS announced Skillern\u2019s role internally Tuesday. Amazon confirmed her appointment. Skillern spent more than a decade at Intel, most recently as vice president of the chip giant\u2019s cloud service provider business. She joined manufacturing giant Flex in 2019 and led its Communications and Enterprise Compute group. Skillern replaces Rachel Thornton, who left in September of last year and is now CMO of Fivetran. Skillern will report to Matt Garman, senior vice president and sales chief at AWS. \u201cIn her new role, she will play a pivotal part in driving AWS\u2019s growth, ensuring a customer-centric approach, while also continuing to build and cultivate a high-performing, multi-disciplinary marketing team,\u201d Garman wrote in a memo to AWS employees Tuesday. Skillern will face challenges with the perception that Amazon is behind cloud rivals Microsoft and Google in the race to capitalize on breakthroughs in large language models and emerging forms of artificial intelligence, such as generative AI. #Amazon under Jassy has been notably absent in the race to release new #generativeAI applications. Amazon is clearly behind, a surprise given its lead in voice computing with Alexa. @Kantrowitz ",
            "tickers": [
                "intc"
            ]
        },
        {
            "id": "-61607570469963504",
            "title": "Intel confirms plans to halt investment in its Next Unit of Compute (NUC) line of products, primarily known for small form factor PCs (Mark Hachman/PCWorld)",
            "url": "http://www.techmeme.com/230711/p35#a230711p35",
            "site": "techmeme.com",
            "time": 1689095100000,
            "favicon_url": "https://static.tickertick.com/website_icons/techmeme.com.ico",
            "tags": [
                "intc"
            ],
            "description": "Mark Hachman / PCWorld: Intel confirms plans to halt investment in its Next Unit of Compute (NUC) line of products, primarily known for small form factor PCs \u2014 Intel's belt-tightening continues as it hands off small-form-factor PC development to Lian Li, Cooler Master, and others.",
            "tickers": [
                "intc"
            ]
        },
        {
            "id": "154759830201197810",
            "title": "Intel is quitting on its adorable, powerful, and upgradable mini NUC computers",
            "url": "https://www.theverge.com/2023/7/11/23790956/intel-nuc-compact-pc-discontinued",
            "site": "theverge.com",
            "time": 1689092972000,
            "favicon_url": "https://static.tickertick.com/website_icons/theverge.com.ico",
            "tags": [
                "intc"
            ],
            "description": "This Intel NUC 9 Extreme was one of the larger of the mini-computer line and had more gaming horsepower. | Photo by Dan Seifert / The Verge Intel\u2019s NUC computers are super compact, upgradable, and even powerful \u2014 but now, they\u2019re being discontinued. ServeTheHome first reported that Intel is giving up on the personal computer business and will no longer be making its cute small form factor PCs. In an email to The Verge, Intel\u2019s EMEA comms manager of client computing and graphics, Mark Walton, confirmed the news and issued the following statement: We have decided to stop direct investment in the Next Unit of Compute (NUC) Business and pivot our strategy to enable our ecosystem partners to continue NUC innovation and growth. This decision will not impact the remainder of Intel\u2019s Client Computing Group (CCG) or Network and Edge Computing (NEX) businesses. Furthermore, we are... Continue reading\u2026 This Intel NUC 9 Extreme was one of the larger of the mini-computer line and had more gaming horsepower. | Photo by Dan Seifert / The Verge Intel\u2019s NUC computers are super compact, upgradable, and even powerful \u2014 but now, they\u2019re being discontinued. ServeTheHome first reported that Intel is giving up on the personal computer business and will no longer be making its cute small form factor PCs. In an email to The Verge, Intel\u2019s EMEA comms manager of client computing and graphics, Mark Walton, confirmed the news and issued the following statement: We have decided to stop direct investment in the Next Unit of Compute (NUC) Business and pivot our strategy to enable our ecosystem partners to continue NUC innovation and growth. This decision will not impact the remainder of Intel\u2019s Client Computing Group (CCG) or Network and Edge Computing (NEX) businesses. Furthermore, we are... Continue reading\u2026",
            "tickers": [
                "intc"
            ]
        },
        {
            "id": "6607870269773960015",
            "title": "A look at Nvidia's AI chip rivals, including AMD, Intel, startups, and Amazon's and Google's cloud units; estimates suggest Nvidia controls 80%+ of the market (Wall Street Journal)",
            "url": "http://www.techmeme.com/230711/p20#a230711p20",
            "site": "techmeme.com",
            "time": 1689079217000,
            "favicon_url": "https://static.tickertick.com/website_icons/techmeme.com.ico",
            "tags": [
                "intc"
            ],
            "description": "Wall Street Journal: A look at Nvidia's AI chip rivals, including AMD, Intel, startups, and Amazon's and Google's cloud units; estimates suggest Nvidia controls 80%+ of the market \u2014 AMD, startups and cloud companies are looking to tap in to the rise of tools such as ChatGPT \u2014 Nvidia has emerged as the leader \u2026",
            "tickers": [
                "intc"
            ]
        },
        {
            "id": "-1854356968671010720",
            "title": "Intel patches buggy Sapphire Rapids Xeons, resumes shipments",
            "url": "https://go.theregister.com/feed/www.theregister.com/2023/07/10/intel_sapphire_rapids_patch/",
            "site": "theregister.com",
            "time": 1689021010000,
            "favicon_url": "https://static.tickertick.com/website_icons/theregister.com.ico",
            "tags": [
                "intc"
            ],
            "description": "Relax, says chip giant, it's an easy fix Anyone running Intel's 4th-Gen Xeon Scalable processors should be on the lookout for a firmware update to address the issue that briefly forced the x86 giant to halt shipments of mid-core-count chips.\u2026",
            "tickers": [
                "intc"
            ]
        },
        {
            "id": "-812372304685566421",
            "title": "Intel Core i7-14700K Benchmark Leak Reveals Stunning Performance",
            "url": "https://www.forbes.com/sites/antonyleather/2023/07/10/intel-core-i7-14700k-benchmark-leak-reveals-stunning-performance/",
            "site": "forbes.com",
            "time": 1689004180000,
            "favicon_url": "https://static.tickertick.com/website_icons/forbes.com.ico",
            "tags": [
                "intc"
            ],
            "description": "Intel's Raptor Lake Refresh Core i7-14700K with increased core count benchmarked showing it to be much faster than the Core i7-13700K Intel's Raptor Lake Refresh Core i7-14700K with increased core count benchmarked showing it to be much faster than the Core i7-13700K",
            "tickers": [
                "intc"
            ]
        }
    ],
    "last_id": "-812372304685566421"
}